 ,2000,2001,2002,2003,2004,2005,2006,2007,,2008,2009,2010,2011,2012,2013,2014,2015
Afghanistan,..,..,179.4,190.7,211.4,242.0,263.7,359.7,,364.7,437.3,543.3,591.2,638.8,624.3,614.2,556.0
Albania,"1,126.7","1,281.7","1,425.1","1,846.1","2,373.6","2,673.8","2,972.7","3,595.0",,"4,370.5","4,114.1","4,094.3","4,437.1","4,247.6","4,413.1","4,578.6","3,952.8"
Algeria,"1,765.0","1,740.6","1,781.8","2,103.4","2,610.2","3,113.1","3,478.7","3,950.5",,"4,923.6","3,883.3","4,480.8","5,455.7","5,592.2","5,499.6","5,493.1","4,177.9"
American Samoa,..,..,"8,666.7","8,807.5","8,528.2","8,395.3","8,340.5","8,874.9",,"9,740.8","11,910.0","10,216.8","10,223.3","11,496.5","11,450.7","11,525.2","12,059.6"
Andorra,"21,854.2","22,970.5","25,067.2","32,272.8","37,966.2","40,064.2","42,674.8","47,804.8",,"48,719.7","43,504.2","40,850.2","43,334.8","38,686.5","39,540.7","41,303.9","35,770.8"
Angola,556.8,527.3,872.5,983.0,"1,255.6","1,902.4","2,599.6","3,122.0",,"4,080.9","3,122.8","3,587.9","4,615.5","5,100.1","5,254.9","5,408.4","4,167.0"
Antigua and Barbuda,"10,872.3","10,367.3","10,401.1","10,798.0","11,447.0","12,557.5","13,995.8","15,622.7",,"16,044.1","14,160.6","13,049.0","12,746.6","13,272.7","12,910.6","13,501.6","14,285.3"
Argentina,"7,708.1","7,208.4","2,593.4","3,349.8","4,277.7","5,109.9","5,919.0","7,245.4",,"9,020.9","8,225.1","10,386.0","12,848.9","13,082.7","13,080.3","12,334.8","13,789.1"
Armenia,622.7,694.4,783.2,930.1,"1,191.9","1,643.8","2,158.1","3,139.3",,"4,010.9","2,994.3","3,218.4","3,525.8","3,681.8","3,838.2","3,986.2","3,607.3"
Aruba,"20,617.8","20,670.4","20,436.9","20,834.0","22,568.4","23,300.7","24,046.2","25,834.1",,"27,083.6","24,631.2","23,513.5","24,985.0","24,712.5","26,441.6","26,893.0","28,396.9"
Australia,"21,697.7","19,527.3","20,117.8","23,492.4","30,513.9","34,081.0","36,117.5","41,001.1",,"49,654.9","42,783.3","52,088.0","62,574.1","68,027.8","68,156.6","62,511.7","56,707.0"
Austria,"24,564.5","24,537.5","26,401.7","32,222.9","36,821.5","38,403.1","40,635.3","46,855.8",,"51,708.8","47,963.2","46,858.0","51,375.0","48,567.7","50,716.7","51,717.5","44,178.0"
Azerbaijan,655.1,703.7,763.1,883.7,"1,045.0","1,578.4","2,473.1","3,851.4",,"5,574.6","4,950.3","5,843.5","7,189.7","7,496.3","7,875.8","7,891.3","5,500.3"
"Bahamas, The","27,098.2","27,486.2","28,867.1","28,327.8","28,396.0","30,279.4","30,713.8","31,472.3",,"30,627.3","28,552.5","28,443.9","28,005.9","29,485.9","28,583.0","30,065.2","31,776.1"
Bahrain,"13,636.4","12,868.2","13,049.9","14,222.0","15,846.5","17,959.4","19,307.5","20,976.4",,"23,066.5","19,355.9","20,722.1","22,514.2","23,654.4","24,744.3","24,989.4","22,634.1"
Bangladesh,418.1,415.0,413.1,446.3,475.3,499.5,509.6,558.1,,635.0,702.3,781.2,861.8,883.1,981.9,"1,118.9","1,248.5"
Barbados,"11,268.4","11,209.4","11,361.5","11,699.4","12,512.6","13,822.7","15,199.6","16,770.7",,"17,092.6","15,885.4","16,056.4","16,458.4","16,249.7","16,451.3","16,489.1","16,524.9"
Belarus,"1,276.5","1,244.4","1,479.3","1,819.8","2,378.6","3,125.8","3,847.4","4,735.7",,"6,377.4","5,352.6","6,033.7","6,527.2","6,953.1","7,998.1","8,341.4","5,967.1"
Belgium,"23,041.5","22,995.2","24,887.6","30,587.7","35,364.4","36,796.0","38,672.7","44,262.9",,"48,106.9","44,583.5","44,141.9","47,348.5","44,673.1","46,744.7","47,700.5","40,991.8"
Belize,"3,364.5","3,404.4","3,526.1","3,650.6","3,802.3","3,885.0","4,155.3","4,252.4",,"4,404.3","4,186.5","4,270.8","4,423.5","4,505.6","4,568.6","4,718.4","4,770.2"
Benin,512.7,518.1,574.9,711.3,798.7,822.8,856.1,966.2,,"1,125.4","1,088.8","1,036.5","1,130.3","1,145.1","1,251.2","1,291.4","1,076.8"
Bermuda,"56,284.2","58,884.0","62,583.1","66,111.7","70,359.3","75,882.0","95,221.9","104,287.4",,"106,935.5","101,407.8","101,875.3","97,774.2","98,431.9","99,471.6","98,467.7","102,005.6"
Bhutan,718.2,764.4,845.5,962.1,"1,068.4","1,228.4","1,331.0","1,757.2",,"1,828.2","1,819.2","2,258.2","2,563.3","2,538.9","2,472.7","2,652.2","2,752.6"
Bolivia,997.6,948.9,904.2,907.5,967.4,"1,034.3","1,218.9","1,372.6",,"1,715.2","1,754.2","1,955.5","2,346.3","2,609.9","2,908.2","3,081.9","3,036.0"
Bosnia and Herzegovina,"1,484.2","1,544.6","1,789.9","2,258.9","2,698.5","2,980.6","3,416.5","4,193.4",,"5,090.9","4,714.7","4,635.5","5,092.6","4,777.1","5,129.7","5,330.4","4,729.7"
Botswana,"3,522.3","3,278.0","3,190.6","4,331.0","5,073.5","5,513.3","5,522.0","5,832.7",,"5,713.5","5,255.8","6,434.8","7,617.3","7,050.6","7,224.9","7,495.2","6,402.9"
Brazil,"3,749.9","3,160.2","2,839.5","3,070.4","3,637.3","4,790.5","5,886.4","7,348.2",,"8,831.2","8,597.8","11,286.1","13,245.4","12,370.2","12,300.4","12,112.8","8,814.0"
British Virgin Islands,..,..,..,..,..,..,..,..,,..,..,..,..,..,..,..,..
Brunei Darussalam,"18,012.5","16,472.0","16,850.4","18,560.5","21,902.0","26,105.4","30,980.0","32,663.4",,"37,934.7","27,956.0","35,270.6","47,056.0","47,739.6","44,740.9","41,725.9","31,164.0"
Bulgaria,"1,621.2","1,770.9","2,093.0","2,719.5","3,389.7","3,899.9","4,523.1","5,885.1",,"7,265.7","6,988.2","6,853.0","7,849.2","7,432.5","7,681.9","7,901.8","7,074.7"
Burkina Faso,255.7,267.1,294.7,374.6,418.4,457.9,473.4,535.1,,643.4,624.2,647.8,751.2,758.0,787.5,792.8,653.3
Burundi,136.5,134.4,123.1,113.6,128.3,151.7,167.4,172.5,,198.4,212.1,234.2,249.6,252.4,257.0,274.9,305.5
Cabo Verde,"1,259.4","1,292.2","1,401.9","1,809.1","2,024.3","2,099.1","2,361.4","3,186.8",,"3,721.2","3,517.4","3,378.3","3,740.4","3,447.5","3,616.0","3,588.6","3,043.0"
Cambodia,300.6,321.2,339.0,362.3,408.5,474.1,539.8,631.5,,745.6,738.1,785.5,882.3,950.9,"1,013.4","1,093.5","1,162.9"
Cameroon,681.1,687.6,759.1,950.6,"1,090.8","1,100.2","1,147.4","1,277.5",,"1,439.5","1,411.5","1,352.3","1,465.1","1,403.5","1,527.8","1,604.2","1,382.5"
Canada,"24,271.0","23,822.1","24,255.3","28,300.5","32,143.7","36,382.5","40,504.1","44,659.9",,"46,710.5","40,876.3","47,562.1","52,223.7","52,669.1","52,635.2","50,956.0","43,596.1"
Cayman Islands,..,..,..,..,..,..,"82,801.5","85,433.0",,"85,188.3","77,400.4","73,351.8","72,329.7","72,777.1","73,514.7","74,990.4","76,284.2"
Central African Republic,251.2,250.4,260.7,293.7,320.7,331.2,354.7,404.4,,464.6,474.7,488.4,551.7,565.8,380.3,424.4,377.4
Chad,166.2,197.1,221.4,292.6,454.3,658.6,710.4,799.6,,929.4,803.7,892.6,984.7,967.4,979.8,"1,020.3",776.0
Channel Islands,"43,382.8","41,804.4","44,545.9","48,858.8","56,751.1","58,199.0","63,243.4","74,458.8",,..,..,..,..,..,..,..,..
Chile,"5,074.9","4,574.6","4,446.2","4,772.6","6,194.9","7,598.5","9,464.5","10,502.4",,"10,751.5","10,208.9","12,808.0","14,637.2","15,351.5","15,842.9","14,671.0","13,574.2"
China,959.4,"1,053.1","1,148.5","1,288.6","1,508.7","1,753.4","2,099.2","2,694.0",,"3,468.3","3,832.2","4,550.5","5,614.4","6,300.6","7,020.3","7,636.1","8,016.4"
Colombia,"2,520.5","2,439.7","2,396.6","2,281.4","2,782.6","3,414.5","3,741.1","4,714.1",,"5,472.5","5,193.2","6,336.7","7,335.2","8,050.3","8,218.3","8,114.3","6,175.9"
Comoros,647.4,680.9,748.0,937.7,"1,061.1","1,069.0","1,114.9","1,240.1",,"1,393.2","1,344.7","1,316.5","1,447.9","1,403.4","1,505.3","1,513.8","1,242.6"
"Congo, Dem. Rep.",405.2,153.6,175.0,173.8,194.0,218.4,255.4,286.3,,327.6,298.6,334.0,387.1,424.6,458.0,486.8,497.3
"Congo, Rep.","1,032.1",869.1,916.6,"1,028.4","1,326.6","1,834.9","2,153.5","2,262.9",,"2,892.4","2,336.2","3,073.6","3,557.6","3,923.1","3,883.7","3,776.5","2,447.5"
Costa Rica,"3,789.1","3,960.3","4,042.7","4,147.8","4,404.7","4,676.4","5,227.5","6,103.7",,"6,901.4","6,801.0","8,227.1","9,229.8","10,075.0","10,744.1","10,847.2","11,642.8"
Cote d'Ivoire,"1,007.5",997.5,"1,047.8","1,207.5","1,308.3","1,309.6","1,348.0","1,500.2",,"1,738.2","1,689.3","1,701.5","1,744.9","1,684.8","1,935.9","1,561.5","1,972.5"
Croatia,"4,887.7","5,412.9","6,293.2","8,129.8","9,747.4","10,621.5","11,797.5","14,046.3",,"16,416.6","14,653.0","14,067.5","14,757.2","13,401.7","13,837.7","13,762.4","11,933.4"
Cuba,"2,747.1","2,837.7","2,999.2","3,197.1","3,395.7","3,786.7","4,683.6","5,208.7",,"5,411.3","5,529.7","5,730.4","6,139.7","6,497.3","6,837.7","7,133.3","7,694.0"
Curacao,..,..,..,..,..,..,..,..,,..,..,..,"20,146.4","20,587.4","20,462.7","20,258.0","19,951.3"
Cyprus,"14,388.3","14,821.4","16,093.2","20,252.2","23,792.6","24,959.3","26,729.3","31,244.9",,"35,397.4","32,109.2","31,023.6","32,396.4","28,912.2","27,729.2","27,163.3","23,408.3"
Czech Republic,"6,029.0","6,637.0","8,060.9","9,818.6","11,749.9","13,430.7","15,261.8","18,466.5",,"22,804.6","19,861.7","19,960.1","21,871.3","19,870.8","20,133.2","19,890.9","17,829.7"
Denmark,"30,743.5","30,751.7","33,228.7","40,458.8","46,511.6","48,799.8","52,027.0","58,487.1",,"64,322.1","58,163.3","58,041.4","61,753.6","58,507.5","61,191.2","62,549.0","53,254.9"
Djibouti,768.2,780.9,791.4,818.9,863.2,904.7,967.7,"1,052.7",,"1,223.9","1,267.3","1,343.3","1,451.5","1,559.2","2,312.7","2,464.3","2,658.9"
Dominica,"4,787.8","4,883.0","4,770.9","4,897.3","5,216.9","5,160.9","5,518.4","5,951.9",,"6,468.9","6,903.1","6,967.4","7,065.5","6,849.5","7,016.4","7,317.5","7,597.3"
Dominican Republic,"2,869.2","2,977.4","3,110.3","2,418.4","2,487.3","3,932.8","4,109.0","4,707.8",,"5,088.0","5,039.4","5,555.4","5,913.4","6,110.4","6,238.1","6,608.8","6,921.5"
Ecuador,"1,445.3","1,894.6","2,172.1","2,425.9","2,691.3","3,002.1","3,328.9","3,567.8",,"4,249.0","4,231.6","4,633.6","5,200.6","5,682.0","6,056.3","6,377.1","6,124.5"
"Egypt, Arab Rep.","1,450.5","1,378.2","1,191.1","1,102.5","1,062.2","1,186.4","1,397.4","1,667.3",,"2,044.5","2,331.3","2,646.0","2,791.8","3,229.7","3,262.7","3,379.6","3,562.9"
El Salvador,"2,001.5","2,072.3","2,124.1","2,209.5","2,278.4","2,428.6","2,631.8","2,786.2",,"2,933.4","2,858.5","2,983.2","3,266.0","3,428.4","3,509.5","3,589.0","3,705.6"
Equatorial Guinea,"1,725.6","2,313.2","2,744.2","3,618.5","6,152.1","10,963.4","12,857.4","15,908.4",,"22,942.6","16,668.1","17,288.8","21,641.7","21,711.2","20,390.7","19,394.1","11,283.4"
Eritrea,308.1,316.8,294.0,334.6,407.8,388.6,415.0,439.8,,450.6,595.1,501.4,642.5,..,..,..,..
Estonia,"4,070.6","4,505.9","5,341.6","7,203.5","8,914.1","10,412.6","12,639.4","16,744.6",,"18,205.0","14,711.7","14,663.0","17,464.9","17,404.2","19,050.6","20,234.1","17,395.0"
Ethiopia,124.5,120.8,111.9,119.5,136.5,162.4,194.7,244.3,,326.4,380.6,341.6,354.5,467.1,499.5,566.9,640.5
Faroe Islands,"22,651.9","24,418.7","26,731.7","31,493.3","35,467.2","36,198.5","41,521.7","47,885.7",,"50,864.0","47,441.9","48,541.4","52,092.6","49,459.7","54,843.3","59,433.8","52,400.3"
Fiji,"2,069.3","2,030.2","2,248.7","2,818.9","3,311.2","3,627.6","3,715.9","4,040.2",,"4,167.7","3,362.8","3,652.5","4,371.4","4,591.6","4,840.7","5,605.6","5,390.7"
Finland,"24,285.5","24,946.2","26,869.7","32,855.1","37,702.8","39,040.3","41,188.1","48,414.8",,"53,554.0","47,294.0","46,460.0","51,082.0","47,710.8","49,878.0","50,260.3","42,784.7"
France,"22,364.0","22,433.6","24,177.3","29,568.4","33,741.3","34,760.2","36,443.6","41,508.4",,"45,334.1","41,575.4","40,638.3","43,790.7","40,874.7","42,592.9","43,011.3","36,638.2"
French Polynesia,"14,324.1",..,..,..,..,..,..,..,,..,..,..,..,..,..,..,..
Gabon,"4,136.0","3,993.0","4,141.4","4,933.5","5,739.6","6,891.4","7,221.4","8,458.3",,"10,254.2","7,721.0","8,849.3","10,809.7","9,813.5","9,683.6","9,663.4","7,384.7"
"Gambia, The",594.1,505.4,411.8,335.9,642.8,665.7,662.4,780.4,,924.5,833.3,860.6,762.8,742.8,700.5,607.4,660.7
Georgia,749.9,802.0,853.5,"1,010.0","1,305.0","1,642.8","1,996.1","2,635.4",,"3,324.7","2,822.7","3,233.3","4,021.7","4,421.8","4,623.7","4,739.2","4,014.2"
Germany,"23,635.9","23,607.9","25,077.7","30,243.6","34,044.1","34,507.4","36,323.4","41,587.2",,"45,427.2","41,485.9","41,531.9","46,644.8","43,858.4","46,285.8","47,960.0","41,086.7"
Ghana,258.5,269.0,304.6,367.8,417.5,492.5,913.4,"1,081.2",,"1,217.1","1,077.7","1,299.3","1,549.5","1,587.6","2,361.1","2,012.3","1,774.1"
Gibraltar,..,..,..,..,..,..,..,..,,..,..,..,..,..,..,..,..
Greece,"12,043.0","12,538.2","14,110.3","18,477.6","21,955.1","22,551.7","24,801.2","28,827.3",,"31,997.3","29,711.0","26,690.6","25,450.5","21,914.3","21,781.6","21,588.0","18,076.6"
Greenland,"19,004.1","19,275.5","20,652.9","27,459.8","32,023.5","32,489.8","35,458.1","39,781.0",,"44,367.1","44,918.6","43,988.3","47,187.0","45,936.8","47,535.6","50,484.9","44,536.4"
Grenada,"5,057.0","5,041.0","5,213.8","5,682.7","5,741.7","6,646.0","6,658.2","7,213.0",,"7,832.3","7,290.8","7,258.2","7,291.7","7,444.1","7,789.6","8,370.0","9,096.5"
Guam,..,..,"21,594.0","22,628.3","24,472.8","26,596.2","26,713.1","27,680.5",,"29,288.8","30,320.5","31,040.1","31,210.5","32,908.3","33,656.5","34,843.2","35,829.3"
Guatemala,"1,664.3","1,550.4","1,683.0","1,737.9","1,859.1","2,068.5","2,251.1","2,490.7",,"2,802.5","2,651.8","2,852.5","3,228.0","3,355.0","3,522.8","3,779.6","3,994.6"
Guinea,363.5,336.2,343.6,393.7,407.3,322.4,453.4,660.0,,715.1,674.1,672.4,651.1,717.1,769.0,787.2,769.3
Guinea-Bissau,308.9,320.0,333.1,372.1,405.1,436.5,430.0,493.7,,600.0,559.4,558.2,703.7,616.4,634.7,623.3,603.4
Guyana,954.4,955.7,974.9,997.2,"1,056.4","1,105.5","3,188.7","3,658.5",,"4,050.8","4,233.8","4,580.7","4,908.6","5,378.8","5,489.1","5,407.1","5,576.8"
Haiti,805.0,735.5,692.0,542.3,667.3,781.3,804.5,"1,002.9",,"1,086.9","1,183.6","1,192.0","1,288.0","1,337.3","1,432.8","1,435.1","1,386.9"
Honduras,"1,080.5","1,120.5","1,122.1","1,145.5","1,204.5","1,296.7","1,420.1","1,572.1",,"1,727.8","1,777.3","1,891.2","2,073.9","2,129.5","2,088.1","2,190.7","2,286.2"
"Hong Kong SAR, China","25,756.7","25,230.2","24,665.9","23,977.0","24,928.1","26,649.8","28,224.2","30,594.0",,"31,515.7","30,697.3","32,550.0","35,142.5","36,730.9","38,403.8","40,315.3","42,431.9"
Hungary,"4,624.3","5,276.0","6,655.3","8,421.1","10,303.7","11,225.9","11,493.1","13,945.0",,"15,777.2","13,081.8","13,223.1","14,240.3","12,989.2","13,720.0","14,298.8","12,720.7"
Iceland,"32,096.4","28,897.4","32,409.2","39,476.7","47,334.9","56,794.9","57,492.9","69,495.7",,"56,943.4","41,301.3","43,237.1","47,714.6","45,995.5","49,805.0","54,576.7","52,951.7"
India,443.3,451.6,471.0,546.7,627.8,714.9,806.8,"1,028.3",,998.5,"1,102.0","1,357.6","1,458.1","1,443.9","1,449.6","1,573.9","1,605.6"
Indonesia,780.2,748.3,900.2,"1,065.6","1,150.3","1,263.3","1,589.8","1,860.0",,"2,166.9","2,261.2","3,122.4","3,643.0","3,694.4","3,623.9","3,491.6","3,331.7"
"Iran, Islamic Rep.","1,670.0","1,909.4","1,911.7","2,253.9","2,756.2","3,246.1","3,774.4","4,904.7",,"5,717.3","5,709.9","6,599.7","7,781.4","7,927.8","6,018.3","5,585.5","4,904.3"
Iraq,"2,058.3","1,494.4","1,320.7",854.8,"1,392.0","1,855.5","2,373.2","3,182.8",,"4,636.6","3,853.8","4,657.3","6,045.5","6,836.1","7,076.6","6,637.7","4,688.3"
Ireland,"26,269.2","28,257.9","32,550.3","41,112.7","47,666.5","50,914.0","54,283.7","61,318.5",,"61,103.5","51,927.2","48,607.9","52,108.8","49,028.8","51,518.4","55,525.9","61,987.6"
Isle of Man,"20,322.7","21,351.1","24,864.4","29,522.3","35,494.7","37,766.7","42,107.8","54,196.3",,"70,986.3","65,029.0","69,767.3","77,349.2","79,148.3","83,357.1","92,334.6","85,127.0"
Israel,"21,061.5","20,316.2","18,439.6","18,991.4","19,910.6","20,585.1","21,853.1","24,952.5",,"29,650.8","27,780.5","30,780.0","33,775.5","32,667.6","36,499.5","37,847.6","35,808.4"
Italy,"20,087.6","20,483.2","22,270.1","27,465.7","31,259.7","32,043.1","33,501.7","37,822.7",,"40,778.3","37,079.8","36,000.5","38,599.1","35,053.5","35,550.0","35,518.4","30,230.2"
Jamaica,"3,392.1","3,437.7","3,609.2","3,480.5","3,733.8","4,103.6","4,331.3","4,623.7",,"4,928.1","4,335.2","4,704.0","5,111.5","5,209.9","4,989.7","4,834.3","4,907.9"
Japan,"39,169.4","34,406.2","32,820.8","35,387.0","38,299.0","37,812.9","35,991.5","35,779.0",,"39,876.3","41,309.0","44,968.2","48,760.1","49,145.3","40,898.6","38,475.4","34,960.6"
Jordan,"1,651.6","1,720.4","1,802.1","1,876.3","2,045.0","2,183.4","2,513.0","2,735.4",,"3,455.8","3,559.7","3,736.6","3,852.9","3,910.3","4,044.4","4,131.4","4,164.1"
Kazakhstan,"1,229.0","1,490.9","1,658.0","2,068.1","2,874.3","3,771.3","5,291.6","6,771.4",,"8,458.0","7,165.2","9,070.5","11,634.0","12,386.7","13,890.6","12,807.3","10,510.8"
Kenya,397.5,395.3,389.5,429.8,451.7,511.6,686.0,825.7,,902.1,"1,035.3","1,080.3","1,085.5","1,271.8","1,354.8","1,462.2","1,464.6"
Kiribati,796.8,735.1,826.9,"1,015.7","1,131.2","1,214.6","1,168.5","1,374.4",,"1,428.1","1,312.0","1,516.8","1,734.9","1,788.7","1,715.8","1,642.8","1,542.6"
"Korea, Dem. People's Rep.",..,..,..,..,..,..,..,..,,..,..,..,..,..,..,..,..
"Korea, Rep.","12,257.0","11,561.2","13,165.1","14,672.9","16,496.1","19,402.5","21,743.5","24,086.4",,"21,350.4","19,143.9","23,087.2","25,096.3","25,466.8","27,182.7","29,249.6","28,732.2"
Kosovo,..,..,..,..,..,..,..,..,,"2,965.4","2,847.6","3,009.6","3,540.9","3,410.9","3,704.8","3,902.7","3,520.8"
Kuwait,"18,440.4","16,587.2","17,846.4","22,148.4","27,011.7","35,591.0","42,781.6","45,782.1",,"55,494.9","37,561.7","38,577.5","48,631.8","51,979.1","49,388.1","44,062.3","29,869.6"
Kyrgyz Republic,279.6,308.4,321.7,380.5,433.2,476.6,543.1,721.8,,966.4,871.2,880.0,"1,123.9","1,178.0","1,282.4","1,279.8","1,121.1"
Lao PDR,325.2,326.9,320.1,362.8,417.9,475.6,591.0,710.4,,900.7,949.2,"1,141.2","1,378.5","1,581.6","1,831.9","2,000.0","2,140.0"
Latvia,"3,361.6","3,578.0","4,136.9","5,145.2","6,378.7","7,594.9","9,723.4","14,113.5",,"16,467.1","12,331.9","11,421.0","13,339.0","13,847.3","15,007.5","15,721.5","13,780.9"
Lebanon,"4,491.6","4,422.4","4,579.5","4,576.4","4,630.8","4,575.1","4,626.9","5,207.8",,"6,111.3","7,355.0","7,761.6","7,675.3","7,952.2","7,933.2","7,687.8","7,663.9"
Lesotho,436.5,405.6,382.2,573.7,753.4,842.8,904.6,846.5,,889.1,874.7,"1,119.8","1,287.3","1,229.6","1,166.9","1,194.6","1,146.1"
Liberia,306.8,306.7,306.5,243.1,286.1,294.9,336.1,396.6,,478.4,470.9,513.4,596.9,675.0,747.9,739.9,721.6
Libya,"7,142.8","6,266.5","3,703.0","4,673.1","5,800.6","8,163.0","9,336.4","11,300.2",,"14,382.6","10,275.3","12,064.8","5,554.2","13,025.3","10,363.8","6,466.9","4,337.9"
Liechtenstein,"74,853.9","74,287.4","79,345.8","89,859.9","100,289.2","105,399.3","114,374.2","130,655.6",,"143,264.1","126,096.6","141,192.5","158,130.5","149,010.2","173,030.2","178,864.9","167,313.3"
Lithuania,"3,293.2","3,525.8","4,141.6","5,499.4","6,700.3","7,854.8","9,230.7","12,285.4",,"14,945.0","11,820.8","11,987.5","14,376.9","14,367.7","15,729.7","16,551.0","14,258.2"
Luxembourg,"48,538.8","48,398.2","52,754.3","65,544.6","76,404.4","80,957.9","90,712.8","107,338.9",,"119,932.2","108,987.7","110,777.9","118,869.3","112,591.1","119,966.0","123,514.2","105,419.6"
"Macao SAR, China","15,836.0","15,665.3","16,424.9","17,921.1","22,568.3","25,183.1","30,121.6","36,550.5",,"40,810.8","41,010.1","52,473.2","66,891.3","76,572.2","89,260.8","93,022.9","74,818.9"
North Macedonia,"1,861.9","1,823.0","1,989.1","2,440.5","2,795.9","3,072.7","3,363.0","4,079.4",,"4,841.3","4,584.7","4,577.7","5,098.1","4,728.3","5,241.1","5,495.7","4,861.6"
Madagascar,293.6,334.4,319.2,368.8,284.5,319.5,338.8,438.7,,536.4,467.5,472.0,531.3,518.2,541.1,530.9,467.2
Malawi,156.4,150.1,298.4,267.4,282.6,289.6,308.2,332.3,,387.6,438.2,478.7,535.0,391.6,348.4,371.3,380.6
Malaysia,"4,043.7","3,913.4","4,165.7","4,461.8","4,952.2","5,587.0","6,209.1","7,243.5",,"8,474.6","7,292.5","9,040.6","10,399.4","10,817.4","10,970.1","11,319.1","9,955.2"
Maldives,"2,234.6","3,038.8","3,049.2","3,476.0","3,941.4","3,640.0","4,809.9","5,574.4",,"6,614.2","6,636.5","7,076.7","7,291.5","7,265.7","7,928.5","8,499.3","9,033.4"
Mali,270.5,307.7,336.4,393.4,441.0,489.0,523.0,597.5,,697.1,701.7,710.3,837.6,778.6,805.0,848.3,751.5
Malta,"10,432.3","10,402.2","11,289.9","13,669.5","15,197.1","15,888.2","16,723.9","19,485.9",,"22,205.4","21,083.3","21,799.2","23,155.6","22,527.6","24,771.1","26,754.3","24,921.6"
Marshall Islands,"2,272.7","2,389.1","2,515.6","2,457.7","2,431.2","2,471.4","2,537.7","2,646.9",,"2,704.5","2,662.3","2,846.1","3,046.3","3,181.6","3,246.6","3,185.3","3,199.9"
Mauritania,676.6,646.1,639.7,717.9,803.8,970.8,"1,259.5","1,357.1",,"1,579.5","1,389.3","1,610.9","1,879.8","1,815.2","1,892.1","1,677.1","1,524.1"
Mauritius,"3,929.1","3,856.6","4,018.9","4,793.7","5,388.1","5,282.9","5,696.0","6,574.7",,"8,030.1","7,318.1","8,000.4","9,197.0","9,291.2","9,637.0","10,153.9","9,260.4"
Mexico,"7,157.8","7,544.6","7,593.1","7,075.4","7,484.5","8,277.7","9,068.3","9,642.7",,"10,016.6","8,003.0","9,271.4","10,203.4","10,241.7","10,725.2","10,928.9","9,616.6"
"Micronesia, Fed. Sts.","2,171.9","2,248.5","2,265.9","2,295.9","2,253.1","2,358.1","2,406.1","2,458.7",,"2,541.3","2,722.0","2,885.3","3,009.3","3,131.4","2,994.8","2,971.5","2,906.6"
Moldova,440.7,507.6,571.0,682.5,897.4,"1,034.7","1,183.4","1,531.7",,"2,111.2","1,899.0","2,437.5","2,942.3","3,045.7","3,322.0","3,328.8","2,732.5"
Monaco,"82,365.5","83,724.5","90,506.9","108,656.8","123,523.5","124,197.3","134,048.6","169,966.3",,"185,785.7","154,775.4","150,737.9","169,016.2","157,520.2","177,673.7","189,432.4","165,989.5"
Mongolia,474.2,524.1,571.6,646.2,798.0,998.8,"1,334.2","1,632.7",,"2,136.6","1,714.4","2,643.3","3,757.6","4,351.9","4,366.1","4,158.5","3,875.3"
Montenegro,"1,627.1","1,909.6","2,106.6","2,789.2","3,380.2","3,674.6","4,425.7","5,976.4",,"7,367.8","6,727.1","6,688.5","7,328.9","6,586.7","7,186.4","7,378.3","6,514.3"
Morocco,"1,334.9","1,339.3","1,416.5","1,725.5","1,952.9","2,018.0","2,196.0","2,499.3",,"2,890.4","2,866.9","2,839.9","3,046.9","2,912.7","3,121.7","3,171.7","2,875.3"
Mozambique,319.4,296.3,302.5,326.1,383.3,416.8,435.3,482.2,,563.6,520.4,471.9,594.6,657.6,664.1,674.0,589.9
Myanmar,"7,925.3","9,602.6","14,317.0","22,108.8","29,454.8","37,990.6","50,103.1","71,132.7",,"97,823.7","111,128.4","129,889.1","154,919.2","2,209.4","1,168.2","1,210.1","1,196.7"
Namibia,"2,185.6","1,950.6","1,808.9","2,621.7","3,464.4","3,739.5","4,059.1","4,405.4",,"4,212.4","4,295.4","5,395.0","5,806.7","5,942.3","5,392.1","5,469.9","4,896.6"
Nauru,..,..,..,..,..,..,..,..,,..,..,"4,752.2","6,560.3","9,562.7","9,648.5","10,171.5","8,341.0"
Nepal,229.5,246.7,244.7,252.4,286.2,315.8,346.9,391.4,,470.5,478.2,592.4,799.6,804.1,823.4,844.9,901.7
Netherlands,"26,149.4","26,873.3","29,204.0","35,672.2","40,362.4","41,979.1","44,863.4","51,733.4",,"57,644.5","52,514.0","50,950.0","54,159.3","50,073.0","52,184.1","52,830.2","45,175.2"
New Caledonia,"16,039.2","15,174.3","16,885.9","21,817.3","25,770.5","26,861.7","29,604.1","36,864.9",,"37,353.7","35,391.1","37,494.9","40,697.7","37,294.0","38,503.3","39,675.6","32,520.3"
New Zealand,"13,641.1","13,882.9","16,874.2","21,913.7","25,420.2","27,751.1","26,654.6","32,480.0",,"31,253.0","28,209.4","33,676.8","38,387.6","39,973.4","42,976.6","44,572.9","38,630.7"
Nicaragua,"1,007.5","1,034.6","1,000.9","1,005.7","1,080.3","1,162.3","1,226.6","1,328.0",,"1,499.3","1,444.4","1,503.9","1,655.8","1,760.5","1,811.6","1,934.1","2,049.9"
Niger,197.8,208.4,228.2,268.3,286.5,321.7,336.3,390.3,,478.5,464.1,476.9,512.6,529.7,552.6,564.6,484.2
Nigeria,567.9,590.4,741.7,795.4,"1,007.9","1,268.4","1,656.4","1,883.5",,"2,259.1","1,911.6","2,280.4","2,487.6","2,723.8","2,961.5","3,099.0","2,687.5"
Northern Mariana Islands,..,..,"21,981.8","21,379.0","21,139.1","18,763.2","17,714.6","16,988.1",,"17,191.2","14,669.5","14,804.2","13,496.8","13,737.0","14,091.2","15,044.9","16,314.4"
Norway,"38,131.5","38,542.7","43,084.5","50,134.9","57,603.8","66,810.5","74,148.3","85,140.0",,"96,944.1","79,977.7","87,693.8","100,600.6","101,524.1","102,913.5","97,019.2","74,355.5"
Oman,"8,601.3","8,476.0","8,627.0","9,066.3","10,126.1","12,377.1","14,420.5","15,838.5",,"22,139.7","16,823.8","18,712.6","20,876.6","21,872.6","20,865.8","20,035.2","16,033.5"
Pakistan,576.2,544.5,534.3,599.4,687.8,748.9,836.9,908.1,,990.8,958.0,987.4,"1,165.0","1,198.1","1,208.9","1,251.2","1,356.7"
Palau,"7,658.0","8,092.2","8,308.0","7,771.2","8,317.1","9,626.6","9,843.0","10,381.4",,"10,598.9","10,252.8","10,356.6","11,094.8","12,044.1","12,561.3","13,711.8","15,876.5"
Panama,"4,060.3","4,046.4","4,126.2","4,267.3","4,592.2","4,916.9","5,348.9","6,166.2",,"7,154.3","7,576.1","8,082.0","9,358.3","10,722.3","11,889.1","12,796.1","13,630.3"
Papua New Guinea,602.2,515.7,491.8,568.2,618.0,749.2,"1,257.0","1,401.9",,"1,673.0","1,626.3","1,949.4","2,406.9","2,790.7","2,729.9","2,920.8","2,679.3"
Paraguay,"1,663.6","1,565.1","1,300.9","1,365.4","1,679.5","1,843.6","2,271.1","2,976.8",,"4,047.9","3,626.8","4,359.4","5,329.4","5,185.1","5,937.0","6,118.3","5,413.8"
Peru,"1,955.6","1,941.5","2,021.2","2,145.6","2,417.0","2,729.5","3,154.3","3,606.1",,"4,220.6","4,196.3","5,082.4","5,869.3","6,529.0","6,756.8","6,672.9","6,229.1"
Philippines,"1,072.8",990.6,"1,036.2","1,048.0","1,121.5","1,244.3","1,452.4","1,744.6",,"1,998.0","1,904.2","2,217.5","2,450.7","2,694.3","2,871.4","2,959.6","3,001.0"
Poland,"4,501.5","4,991.2","5,207.2","5,701.6","6,681.4","8,021.5","9,035.4","11,254.5",,"13,996.0","11,526.1","12,613.0","13,879.6","13,097.3","13,696.5","14,271.3","12,578.5"
Portugal,"11,497.8","11,724.6","12,875.3","15,763.0","18,031.0","18,773.1","19,822.8","22,782.1",,"24,847.5","23,059.8","22,498.7","23,186.9","20,564.9","21,647.0","22,074.3","19,242.4"
Puerto Rico,"16,192.1","18,123.2","18,731.5","19,557.1","20,989.0","21,959.3","22,935.9","23,664.9",,"24,898.3","25,768.7","26,435.7","27,278.9","27,944.7","28,513.2","28,981.5","29,763.5"
Qatar,"29,976.2","28,517.2","30,214.7","34,517.6","42,124.9","51,456.0","59,530.6","65,421.4",,"80,234.2","59,094.7","67,403.1","82,409.9","85,076.0","85,050.7","83,858.3","63,039.1"
Romania,"1,659.9","1,825.2","2,119.9","2,679.4","3,494.9","4,617.9","5,757.5","8,360.2",,"10,435.0","8,548.1","8,214.1","9,099.2","8,507.1","9,547.9","10,043.7","8,969.1"
Russian Federation,"1,771.6","2,100.4","2,377.5","2,975.1","4,102.4","5,323.5","6,920.2","9,101.3",,"11,635.3","8,562.8","10,675.0","14,311.1","15,420.9","15,974.6","14,095.6","9,313.0"
Rwanda,260.6,238.8,233.2,249.7,273.6,331.7,366.9,438.7,,543.5,579.7,609.7,668.5,725.2,722.9,743.6,751.1
Samoa,"1,542.1","1,557.0","1,633.0","1,909.2","2,353.5","2,590.5","2,796.6","3,133.7",,"3,379.0","3,168.2","3,566.4","3,932.1","4,021.0","4,037.8","3,937.2","4,071.9"
San Marino,"36,604.5","38,730.8","41,464.7","51,270.1","59,558.8","60,900.5","64,261.0","72,697.7",,"78,643.6","66,703.2","60,254.8","57,297.5","49,988.5","51,571.0","50,817.3","42,662.9"
Sao Tome and Principe,..,524.7,577.6,678.7,745.3,866.5,883.1,896.9,,"1,098.8","1,067.9","1,090.3","1,254.5","1,330.6","1,564.8","1,770.5","1,584.8"
Saudi Arabia,"9,171.3","8,684.6","8,695.4","9,610.0","11,185.1","13,791.5","15,384.7","16,516.6",,"20,078.3","16,113.1","19,262.5","23,745.9","25,243.6","24,845.1","24,464.2","20,627.9"
Senegal,613.7,648.4,681.3,831.8,932.2,992.7,"1,027.7","1,197.4",,"1,403.9","1,308.9","1,271.6","1,366.8","1,317.8","1,372.7","1,396.7","1,219.2"
Serbia,914.8,"1,727.3","2,283.8","3,005.4","3,502.8","3,720.5","4,382.6","5,848.5",,"7,101.0","6,169.1","5,735.4","6,809.2","6,015.9","6,755.1","6,600.1","5,589.0"
Seychelles,"7,578.9","7,663.1","8,331.3","8,525.0","10,176.7","11,092.5","12,014.4","12,154.8",,"11,122.9","9,707.0","10,804.7","12,189.1","12,006.7","14,765.7","14,700.3","14,745.3"
Sierra Leone,138.7,229.4,252.4,266.4,266.6,292.3,323.4,360.4,,408.5,391.2,401.8,448.3,566.4,716.8,714.7,588.2
Singapore,"23,852.3","21,700.0","22,159.7","23,730.2","27,608.5","29,961.3","33,769.2","39,432.9",,"40,007.5","38,927.2","47,237.0","53,890.4","55,546.5","56,967.4","57,562.5","55,646.6"
Sint Maarten (Dutch part),..,..,..,..,..,..,..,..,,..,..,..,"27,997.3","28,460.3","27,942.9","33,043.7","32,274.9"
Slovak Republic,"5,413.2","5,717.2","6,533.6","8,712.7","10,671.8","11,685.8","13,159.8","16,085.6",,"18,677.3","16,531.7","16,825.4","18,406.0","17,430.8","18,203.2","18,631.0","16,335.6"
Slovenia,"10,201.3","10,479.8","11,777.2","14,849.0","17,233.1","18,098.9","19,673.0","23,787.6",,"27,483.3","24,694.2","23,509.5","25,095.1","22,643.1","23,496.6","24,214.9","20,881.8"
Solomon Islands,"1,017.6",965.8,795.6,788.6,867.1,"1,014.9","1,119.7","1,260.3",,"1,389.0","1,428.5","1,604.2","1,938.9","2,141.8","2,248.6","2,274.9","2,167.1"
Somalia,..,..,..,..,..,..,..,..,,..,..,..,..,..,298.0,295.3,293.5
South Africa,"3,374.7","2,971.8","2,797.1","4,217.1","5,409.1","6,033.1","6,266.5","6,780.9",,"6,350.7","6,532.7","8,149.0","8,810.9","8,222.2","7,467.1","6,988.8","6,259.8"
South Sudan,..,..,..,..,..,..,..,..,,"1,669.5","1,337.9","1,535.7","1,516.4","1,179.7","1,779.5","1,322.8","1,119.7"
Spain,"14,713.1","15,355.7","17,025.5","21,463.4","24,861.3","26,419.3","28,365.3","32,550.0",,"35,366.3","32,042.5","30,502.7","31,636.4","28,324.4","29,059.5","29,461.6","25,732.0"
Sri Lanka,869.7,832.8,867.5,982.2,"1,065.8","1,248.7","1,435.8","1,630.4",,"2,037.3","2,090.4","2,799.6","3,200.9","3,350.5","3,610.3","3,819.3","3,843.8"
St. Kitts and Nevis,"9,565.9","10,283.0","10,650.8","10,270.6","10,942.7","11,679.4","13,614.4","14,429.6",,"15,592.9","15,388.4","15,510.2","16,539.8","16,046.5","16,685.9","18,051.2","18,029.0"
St. Lucia,"5,950.0","5,642.7","5,646.5","6,150.9","6,591.6","6,949.2","7,669.2","7,969.8",,"8,456.7","8,137.8","8,540.1","8,983.7","9,086.4","9,379.0","9,843.3","10,093.6"
St. Martin (French part),..,..,..,..,..,..,..,..,,..,..,..,..,..,..,..,..
St. Vincent and the Grenadines,"3,676.4","3,985.8","4,273.0","4,447.9","4,809.9","5,070.4","5,625.4","6,307.3",,"6,415.3","6,232.4","6,292.5","6,242.3","6,390.3","6,639.5","6,684.4","6,921.7"
Sudan,366.2,383.0,418.3,484.8,573.3,689.2,905.3,"1,128.4",,"1,304.5","1,163.8","1,489.9","1,437.8","1,332.9","1,381.5","1,625.5","1,656.9"
Suriname,"2,012.3","1,750.6","2,267.8","2,611.4","3,006.2","3,590.6","5,197.7","5,744.8",,"6,832.0","7,408.4","8,255.9","8,263.2","9,201.0","9,402.2","9,471.9","9,168.2"
Eswatini,"1,728.7","1,521.8","1,405.4","2,148.6","2,699.1","3,083.8","3,176.7","3,327.4",,"3,137.4","3,385.9","4,168.5","4,496.6","4,527.6","4,230.2","4,039.2","3,680.3"
Sweden,"29,624.9","27,247.9","29,899.2","37,321.8","42,821.7","43,437.1","46,593.6","53,700.0",,"56,152.6","46,947.0","52,869.0","60,755.8","58,037.8","61,126.9","60,020.4","51,545.5"
Switzerland,"38,952.0","39,727.8","42,578.8","49,470.4","54,878.5","56,546.8","59,300.6","65,359.5",,"74,572.2","72,083.2","77,117.1","91,254.0","86,547.7","88,109.5","89,684.7","84,776.1"
Syrian Arab Republic,"4,910.8","5,175.3","5,300.6","5,494.8","6,330.7","7,309.1","8,069.6","9,056.6",,"10,554.1","10,589.6","11,820.6","3,050.8","2,094.4","1,039.2","1,135.1",916.4
Tajikistan,138.4,171.0,190.0,237.8,311.6,340.6,408.8,526.6,,715.9,676.1,749.6,847.4,969.3,"1,048.2","1,104.2",978.4
Tanzania,411.0,406.5,412.0,431.3,459.3,492.6,485.5,552.8,,687.4,695.2,743.4,781.4,867.9,970.4,"1,030.1",947.9
Thailand,"2,007.7","1,893.3","2,096.2","2,359.1","2,660.1","2,894.1","3,369.5","3,973.0",,"4,379.7","4,213.0","5,076.3","5,492.1","5,860.6","6,168.3","5,951.9","5,840.1"
Timor-Leste,415.1,529.8,508.8,517.8,453.5,464.5,446.5,523.7,,614.4,676.6,806.4,936.4,"1,024.2","1,210.0","1,232.5","1,332.8"
Togo,303.0,292.8,328.4,396.9,413.3,406.6,408.1,449.7,,546.4,540.6,534.0,587.1,571.8,621.4,640.9,570.9
Tonga,"2,091.1","1,839.1","1,845.7","2,030.8","2,301.7","2,594.4","2,873.1","2,910.1",,"3,331.5","3,006.6","3,528.0","4,002.8","4,581.8","4,428.1","4,354.2","4,336.2"
Trinidad and Tobago,"6,435.1","6,939.8","7,053.1","8,807.9","10,293.9","12,327.3","14,102.6","16,539.9",,"21,204.0","14,514.2","16,683.4","19,034.1","19,157.5","20,143.5","20,270.9","18,214.5"
Tunisia,"2,211.8","2,253.0","2,344.4","2,760.4","3,111.4","3,193.2","3,369.9","3,776.3",,"4,307.6","4,128.5","4,344.6","4,479.9","4,361.7","4,444.8","4,544.0","4,094.8"
Turkey,"4,337.5","3,142.9","3,688.0","4,760.1","6,101.6","7,456.3","8,101.9","9,791.9",,"10,941.2","9,103.5","10,742.8","11,420.6","11,795.6","12,614.8","12,158.0","11,006.3"
Turkmenistan,643.2,774.5,967.9,"1,283.9","1,453.9","1,704.4","2,136.5","2,600.4",,"3,904.5","4,036.5","4,439.2","5,650.0","6,675.2","7,304.3","7,962.2","6,432.7"
Turks and Caicos Islands,..,"16,625.5","15,786.0","16,384.9","18,181.1","20,533.2","24,559.1","25,458.0",,"27,650.1","22,020.3","21,029.7","21,839.0","21,345.0","21,715.3","23,778.5","26,183.9"
Tuvalu,"1,463.2","1,392.3","1,610.7","1,874.9","2,181.6","2,184.6","2,263.6","2,645.1",,"2,936.5","2,602.6","3,024.8","3,643.1","3,506.3","3,457.4","3,398.4","3,197.8"
Uganda,261.9,239.5,245.5,254.3,296.0,333.7,349.2,403.7,,474.5,800.0,822.5,832.6,790.1,810.1,883.5,847.3
Ukraine,635.7,780.3,878.6,"1,047.5","1,366.0","1,826.9","2,300.8","3,065.6",,"3,887.2","2,543.0","2,965.1","3,569.8","3,855.4","4,029.7","3,104.6","2,124.7"
United Arab Emirates,"33,291.4","31,280.8","31,567.5","33,499.1","36,333.2","39,365.5","41,907.4","41,809.5",,"44,498.9","32,024.2","33,893.3","39,194.7","40,976.5","42,412.6","43,751.8","38,663.4"
United Kingdom,"28,223.1","27,806.4","30,049.9","34,487.5","40,371.7","42,132.1","44,654.1","50,653.3",,"47,549.3","38,952.2","39,688.6","42,284.9","42,686.8","43,713.8","47,787.2","45,404.6"
United States,"36,334.9","37,133.2","38,023.2","39,496.5","41,712.8","44,114.7","46,298.7","47,976.0",,"48,382.6","47,100.0","48,466.7","49,882.6","51,602.9","53,106.5","55,050.0","56,863.4"
Uruguay,"6,875.0","6,284.5","4,090.9","3,624.2","4,120.5","5,226.9","5,887.8","7,026.5",,"9,091.1","9,451.9","11,992.0","14,236.7","15,171.6","16,973.7","16,831.9","15,613.7"
Uzbekistan,558.2,456.7,383.3,396.4,465.1,546.8,654.3,830.4,,"1,082.3","1,213.3","1,742.3","2,051.1","2,267.6","2,419.7","2,628.5","2,754.0"
Vanuatu,"1,470.6","1,363.2","1,354.1","1,580.6","1,788.1","1,887.2","2,049.5","2,353.0",,"2,629.1","2,573.9","2,839.4","3,173.8","2,997.3","2,954.8","2,926.7","2,695.7"
"Venezuela, RB","4,842.0","4,986.7","3,700.9","3,272.6","4,325.7","5,505.0","6,833.4","8,454.5",,"11,432.7","11,765.1","13,825.4","10,955.5","12,986.2","12,457.8","16,055.6",..
Vietnam,390.1,404.8,430.1,480.6,546.9,687.5,784.4,906.3,,"1,149.4","1,217.3","1,317.9","1,525.1","1,735.2","1,886.7","2,030.3","2,085.1"
Virgin Islands (U.S.),..,..,"30,062.0","31,731.3","35,006.4","40,828.7","41,377.1","44,158.5",,"39,152.4","38,753.2","39,905.1","38,997.1","37,795.3","34,598.0","33,045.4","34,007.4"
West Bank and Gaza,"1,476.2","1,335.6","1,156.2","1,257.7","1,422.2","1,543.7","1,570.1","1,664.2",,"2,035.2","2,191.8","2,557.1","2,880.8","3,067.4","3,315.3","3,352.1","3,272.2"
"Yemen, Rep.",554.4,550.4,579.9,620.4,710.0,832.8,921.4,"1,017.3",,"1,229.2","1,116.1","1,334.8","1,374.6","1,446.5","1,607.2","1,674.0","1,601.8"
Zambia,345.7,382.9,382.2,435.5,538.6,702.7,"1,047.9","1,124.3",,"1,394.0","1,159.9","1,489.5","1,672.9","1,763.1","1,878.3","1,762.4","1,338.3"
Zimbabwe,563.1,568.4,530.5,478.0,483.0,476.6,447.9,431.8,,356.7,771.6,948.3,"1,093.7","1,305.0","1,430.0","1,434.9","1,445.1"
"Created from: World Development Indicators
Series : GDP per capita (current US$)",,,,,,,,,,,,,,,,,
