Country Name,Country Code,2000 [YR2000],2001 [YR2001],2002 [YR2002],2003 [YR2003],2004 [YR2004],2005 [YR2005],2006 [YR2006],2007 [YR2007],2008 [YR2008],2009 [YR2009],2010 [YR2010],2011 [YR2011],2012 [YR2012],2013 [YR2013],2014 [YR2014],2015 [YR2015]
Afghanistan,AFG,..,..,179.4265792,190.6838143,211.3820742,242.0313132,263.7336019,359.6931579,364.663542,437.2687402,543.3065262,591.1900302,638.8458516,624.3154545,614.2233424,556.0072209
Albania,ALB,1126.68334,1281.659826,1425.124219,1846.120121,2373.581292,2673.786584,2972.742924,3595.038057,4370.539925,4114.134899,4094.348386,4437.142612,4247.630047,4413.062005,4578.633208,3952.802538
Algeria,DZA,1765.027146,1740.606654,1781.828908,2103.381291,2610.185422,3113.094883,3478.710002,3950.512993,4923.631615,3883.2709,4480.786318,5455.679403,5592.220115,5499.587331,5493.056695,4177.889542
American Samoa,ASM,..,..,8666.655382,8807.462812,8528.248777,8395.31877,8340.52344,8874.877928,9740.824491,11910.01323,10216.81763,10223.29836,11496.5241,11450.7242,11525.15639,12059.63516
Andorra,AND,21854.2468,22970.51221,25067.24006,32272.84589,37966.18725,40064.22493,42674.75897,47804.84993,48719.65877,43504.21565,40850.24814,43334.81141,38686.46126,39540.72481,41303.92937,35770.7767
Angola,AGO,556.8386317,527.3335285,872.4944418,982.9610078,1255.564513,1902.42215,2599.565948,3121.996085,4080.941034,3122.781599,3587.883645,4615.468219,5100.097027,5254.881126,5408.4117,4166.979833
Antigua and Barbuda,ATG,10872.29295,10367.31961,10401.05088,10797.95106,11446.96914,12557.54785,13995.80442,15622.69287,16044.1058,14160.562,13048.96058,12746.63347,13272.73494,12910.59063,13501.58092,14285.32978
Argentina,ARG,7708.099115,7208.373114,2593.404563,3349.8063,4277.721573,5109.852245,5919.012338,7245.446857,9020.873323,8225.137583,10385.96443,12848.8642,13082.66433,13080.25473,12334.79825,13789.06042
Armenia,ARM,622.7409229,694.4234554,783.241215,930.1254727,1191.921006,1643.756889,2158.148074,3139.28071,4010.861381,2994.340471,3218.378299,3525.807198,3681.844691,3838.17388,3986.231624,3607.289299
Aruba,ABW,20617.75047,20670.36701,20436.88713,20833.97636,22568.37499,23300.73836,24046.22638,25834.11178,27083.63486,24631.18205,23513.5277,24985.01392,24712.49326,26441.61994,26893.01151,28396.90842
Australia,AUS,21697.70848,19527.32358,20117.78889,23492.40517,30513.94174,34080.9999,36117.48798,41001.14298,49654.9106,42783.32257,52087.97229,62574.1457,68027.84171,68156.62792,62511.69059,56707.02208
Austria,AUT,24564.45829,24537.51426,26401.74546,32222.89724,36821.52147,38403.13388,40635.28182,46855.77175,51708.76575,47963.1794,46858.04327,51374.95841,48567.69529,50716.70871,51717.49594,44178.04738
Azerbaijan,AZE,655.1199452,703.6838434,763.080638,883.7339715,1045.009379,1578.40239,2473.081819,3851.437869,5574.603802,4950.294791,5843.533768,7189.691229,7496.294648,7875.756953,7891.313147,5500.310382
"Bahamas, The",BHS,27098.15632,27486.23677,28867.0825,28327.81367,28396.01371,30279.39221,30713.79806,31472.28554,30627.32775,28552.51716,28443.88848,28005.9124,29485.86422,28583.0233,30065.1602,31776.05559
Bahrain,BHR,13636.41675,12868.17692,13049.90973,14222.0368,15846.50595,17959.39683,19307.50894,20976.44229,23066.45098,19355.92101,20722.07049,22514.20272,23654.36959,24744.29696,24989.43753,22634.08565
Bangladesh,BGD,418.0689421,415.0344043,413.0802826,446.3106757,475.2919302,499.4619402,509.6401899,558.0518407,634.9870697,702.2644196,781.1535777,861.7621622,883.1171296,981.8608514,1118.873808,1248.45331
Barbados,BRB,11268.42006,11209.42112,11361.51677,11699.37047,12512.57797,13822.74175,15199.56753,16770.66103,17092.58214,15885.41018,16056.37098,16458.35321,16249.67395,16451.27931,16489.07224,16524.8995
Belarus,BLR,1276.493985,1244.373185,1479.314583,1819.766059,2378.623286,3125.810535,3847.434124,4735.657608,6377.369732,5352.583912,6033.686239,6527.173869,6953.132515,7998.125239,8341.399679,5967.052204
Belgium,BEL,23041.53473,22995.15752,24887.56133,30587.66841,35364.37533,36795.97688,38672.70594,44262.896,48106.89292,44583.54481,44141.87814,47348.52502,44673.11588,46744.66254,47700.54036,40991.80814
Belize,BLZ,3364.491731,3404.420586,3526.081513,3650.60647,3802.26316,3885.034074,4155.323885,4252.395404,4404.308198,4186.519998,4270.780085,4423.496842,4505.600593,4568.641228,4718.436581,4770.232656
Benin,BEN,512.673902,518.0674741,574.9297982,711.2849548,798.7443045,822.7851431,856.0549166,966.2036183,1125.426134,1088.757906,1036.534515,1130.273251,1145.140105,1251.209767,1291.410185,1076.796698
Bermuda,BMU,56284.16865,58883.95943,62583.1002,66111.72523,70359.31911,75882.03386,95221.85887,104287.3875,106935.4863,101407.764,101875.2841,97774.16207,98431.86518,99471.6389,98467.68399,102005.6256
Bhutan,BTN,718.196337,764.4328082,845.5006721,962.0953713,1068.431811,1228.432356,1330.977444,1757.190496,1828.154677,1819.19731,2258.186435,2563.261224,2538.949519,2472.724753,2652.225654,2752.630172
Bolivia,BOL,997.5817489,948.8702113,904.2257999,907.5374158,967.4064586,1034.3118,1218.87407,1372.628368,1715.208393,1754.209464,1955.460182,2346.337844,2609.880562,2908.20037,3081.878823,3035.971655
Bosnia and Herzegovina,BIH,1484.176056,1544.602075,1789.857691,2258.946452,2698.46718,2980.601268,3416.512376,4193.368011,5090.945834,4714.693746,4635.510195,5092.554723,4777.066914,5129.663534,5330.355075,4729.689959
Botswana,BWA,3522.310821,3278.016079,3190.624811,4330.972369,5073.520408,5513.331063,5521.990608,5832.737052,5713.543931,5255.776533,6434.812485,7617.310041,7050.573472,7224.912737,7495.220866,6402.910183
Brazil,BRA,3749.910848,3160.249345,2839.491501,3070.436419,3637.31389,4790.456566,5886.391522,7348.187963,8831.183643,8597.794335,11286.07154,13245.38737,12370.22325,12300.38671,12112.83496,8813.989806
British Virgin Islands,VGB,..,..,..,..,..,..,..,..,..,..,..,..,..,..,..,..
Brunei Darussalam,BRN,18012.50219,16472.00329,16850.39408,18560.5035,21902.02712,26105.42203,30979.96284,32663.39237,37934.67645,27956.00514,35270.64214,47055.96064,47739.55769,44740.85942,41725.86752,31164.03625
Bulgaria,BGR,1621.242961,1770.913534,2092.957694,2719.497656,3389.707049,3899.907638,4523.050833,5885.104348,7265.735497,6988.233325,6853.002854,7849.165283,7432.478766,7681.93462,7901.785876,7074.681023
Burkina Faso,BFA,255.7186873,267.0975996,294.6653885,374.627358,418.3766603,457.9334308,473.4498682,535.0622795,643.404581,624.1751645,647.8360955,751.1727704,758.000427,787.4694383,792.8462374,653.3272681
Burundi,BDI,136.4639708,134.3634269,123.1175361,113.5672513,128.3367028,151.6815663,167.3764625,172.4955966,198.3528517,212.1370572,234.2355389,249.5779794,252.3588707,256.9756526,274.8578362,305.5496525
Cabo Verde,CPV,1259.353067,1292.226512,1401.891073,1809.11003,2024.266381,2099.148417,2361.380101,3186.779935,3721.219993,3517.430156,3378.323433,3740.374103,3447.4831,3616.03557,3588.625584,3043.031382
Cambodia,KHM,300.613679,321.1502236,338.9874773,362.3354822,408.5136388,474.1111921,539.7503289,631.5252576,745.609127,738.0547312,785.5026671,882.275614,950.880346,1013.420536,1093.495976,1162.904995
Cameroon,CMR,681.102043,687.6481344,759.1118514,950.5648637,1090.785332,1100.174926,1147.4366,1277.516807,1439.547804,1411.474572,1352.302275,1465.145788,1403.522915,1527.751257,1604.214035,1382.50979
Canada,CAN,24271.00206,23822.06012,24255.33858,28300.4631,32143.68141,36382.50792,40504.06073,44659.89514,46710.50558,40876.31015,47562.08343,52223.69611,52669.08996,52635.17496,50955.99832,43596.13554
Cayman Islands,CYM,..,..,..,..,..,..,82801.54266,85433.03094,85188.33704,77400.42144,73351.75677,72329.66133,72777.14849,73514.66868,74990.43322,76284.19393
Central African Republic,CAF,251.2072914,250.3571459,260.7454587,293.661549,320.7368123,331.1630882,354.6708633,404.3745429,464.5612047,474.7056275,488.4217358,551.7497219,565.8012071,380.2979111,424.4491317,377.4229177
Chad,TCD,166.1757089,197.1460821,221.4165369,292.6008802,454.3363652,658.566973,710.3963987,799.603742,929.3827519,803.6863884,892.5688697,984.7361305,967.3529488,979.8117426,1020.287979,776.0197523
Channel Islands,CHI,43382.82685,41804.37092,44545.92231,48858.83186,56751.12694,58198.98418,63243.37383,74458.79467,..,..,..,..,..,..,..,..
Chile,CHL,5074.902616,4574.594716,4446.249371,4772.563723,6194.85272,7598.528877,9464.548507,10502.35071,10751.4816,10208.90797,12808.03834,14637.23344,15351.54074,15842.93648,14670.98891,13574.16924
China,CHN,959.3724836,1053.108243,1148.50829,1288.643252,1508.668098,1753.417829,2099.229435,2693.970063,3468.304602,3832.236432,4550.453108,5614.352135,6300.615118,7020.338485,7636.116601,8016.431435
Colombia,COL,2520.481089,2439.682456,2396.627127,2281.401762,2782.623185,3414.465158,3741.092837,4714.073055,5472.53653,5193.241458,6336.709474,7335.166934,8050.255372,8218.347844,8114.343921,6175.87603
Comoros,COM,647.4258118,680.9055728,747.9888625,937.7108963,1061.075548,1069.029426,1114.945281,1240.092528,1393.216032,1344.730406,1316.491213,1447.945144,1403.360252,1505.337292,1513.830379,1242.585608
"Congo, Dem. Rep.",COD,405.2162186,153.5910441,175.009951,173.7961252,194.0400026,218.3862267,255.4330432,286.3304725,327.5637218,298.6196916,334.0215777,387.082477,424.6003738,457.9637475,486.7870951,497.3170391
"Congo, Rep.",COG,1032.137542,869.1005017,916.5880378,1028.415222,1326.596688,1834.880014,2153.491743,2262.85441,2892.416962,2336.160957,3073.557784,3557.55617,3923.093509,3883.746848,3776.485568,2447.539308
Costa Rica,CRI,3789.053886,3960.307703,4042.705686,4147.824369,4404.711884,4676.379366,5227.465952,6103.741917,6901.388306,6801.036735,8227.127494,9229.834517,10075.00462,10744.09102,10847.16967,11642.77805
Cote d'Ivoire,CIV,1007.46739,997.4787843,1047.752265,1207.512648,1308.28782,1309.591653,1347.988824,1500.167805,1738.192101,1689.344762,1701.475702,1744.938897,1684.781586,1935.946845,1561.464413,1972.545683
Croatia,HRV,4887.713716,5412.925136,6293.225299,8129.794584,9747.440771,10621.50746,11797.47447,14046.31681,16416.58681,14653.04355,14067.52312,14757.18034,13401.65662,13837.73164,13762.37286,11933.37738
Cuba,CUB,2747.100303,2837.73573,2999.241763,3197.133185,3395.710843,3786.66345,4683.569067,5208.718388,5411.269492,5529.669375,5730.354264,6139.718783,6497.314764,6837.71168,7133.337679,7694.014637
Curacao,CUW,..,..,..,..,..,..,..,..,..,..,..,20146.38641,20587.39736,20462.71795,20258.00969,19951.3279
Cyprus,CYP,14388.34806,14821.44682,16093.21461,20252.23898,23792.62136,24959.25917,26729.3234,31244.92622,35397.36368,32109.24251,31023.63833,32396.38574,28912.15694,27729.1927,27163.33297,23408.33668
Czech Republic,CZE,6029.038193,6637.041657,8060.868703,9818.568493,11749.85266,13430.6699,15261.79759,18466.54793,22804.57768,19861.69743,19960.06849,21871.26608,19870.80121,20133.16914,19890.91991,17829.69832
Denmark,DNK,30743.54768,30751.65435,33228.69354,40458.7774,46511.59833,48799.8256,52026.99951,58487.05497,64322.0635,58163.27688,58041.39844,61753.64713,58507.50805,61191.1937,62548.98473,53254.85637
Djibouti,DJI,768.1835703,780.9039613,791.3841807,818.8687857,863.2360874,904.7366795,967.6795838,1052.719117,1223.852363,1267.317394,1343.275125,1451.548081,1559.240651,2312.720948,2464.294905,2658.949245
Dominica,DMA,4787.801441,4883.003024,4770.851894,4897.308367,5216.872434,5160.889141,5518.4232,5951.863413,6468.944767,6903.145806,6967.364955,7065.460372,6849.455933,7016.380071,7317.486143,7597.288894
Dominican Republic,DOM,2869.178139,2977.43451,3110.325447,2418.350422,2487.329061,3932.784407,4109.033591,4707.795052,5087.983213,5039.403122,5555.392014,5913.426649,6110.366576,6238.132367,6608.825501,6921.520594
Ecuador,ECU,1445.279324,1894.616196,2172.101877,2425.851842,2691.277685,3002.138604,3328.884156,3567.837186,4249.01897,4231.619235,4633.591284,5200.555108,5682.046108,6056.331213,6377.093929,6124.490887
"Egypt, Arab Rep.",EGY,1450.476242,1378.203383,1191.103239,1102.468199,1062.158092,1186.393313,1397.43669,1667.317998,2044.527804,2331.26884,2645.968759,2791.810766,3229.68563,3262.657586,3379.557986,3562.932658
El Salvador,SLV,2001.540049,2072.301591,2124.10182,2209.497245,2278.43033,2428.568879,2631.822739,2786.157774,2933.39424,2858.483344,2983.228806,3266.010978,3428.409332,3509.526536,3589.042885,3705.579704
Equatorial Guinea,GNQ,1725.557584,2313.165937,2744.191483,3618.544476,6152.131238,10963.40638,12857.36882,15908.41119,22942.6101,16668.1217,17288.8426,21641.6939,21711.15159,20390.73727,19394.08066,11283.39805
Eritrea,ERI,308.1341868,316.8239534,293.9556724,334.5855715,407.769077,388.5959475,415.0360305,439.8321034,450.6323989,595.1099872,501.355317,642.5082588,..,..,..,..
Estonia,EST,4070.609024,4505.858332,5341.628947,7203.523038,8914.103557,10412.64431,12639.40007,16744.58445,18204.96648,14711.73527,14663.04461,17464.92008,17404.2008,19050.58592,20234.11742,17395.04062
Ethiopia,ETH,124.4607909,120.7657837,111.9272251,119.490396,136.46625,162.4327286,194.6874329,244.2860523,326.4368228,380.5690032,341.5541227,354.4795719,467.0778718,499.5315302,566.9264029,640.5419231
Faroe Islands,FRO,22651.86198,24418.70328,26731.65857,31493.31915,35467.17547,36198.54377,41521.67506,47885.69888,50863.95379,47441.91598,48541.40119,52092.60338,49459.71723,54843.31929,59433.83457,52400.29728
Fiji,FJI,2069.317455,2030.246351,2248.714191,2818.91392,3311.159895,3627.632856,3715.932657,4040.152119,4167.694935,3362.820495,3652.535933,4371.447385,4591.577015,4840.72727,5605.609148,5390.714207
Finland,FIN,24285.46682,24946.18919,26869.6749,32855.13263,37702.84538,39040.28888,41188.0937,48414.84509,53554.03892,47293.99283,46459.97325,51081.99767,47710.79022,49878.04324,50260.29986,42784.69836
France,FRA,22364.02939,22433.55498,24177.33556,29568.3888,33741.26192,34760.18502,36443.62631,41508.43269,45334.11796,41575.42196,40638.33525,43790.72602,40874.70039,42592.93539,43011.2631,36638.18493
French Polynesia,PYF,14324.11866,..,..,..,..,..,..,..,..,..,..,..,..,..,..,..
Gabon,GAB,4135.99238,3993.031336,4141.434366,4933.46217,5739.613204,6891.36192,7221.369877,8458.309179,10254.17196,7721.018953,8849.322608,10809.68495,9813.505747,9683.58162,9663.42411,7384.700704
"Gambia, The",GMB,594.1493885,505.4216361,411.7718939,335.906217,642.7562183,665.7202157,662.3628772,780.3810509,924.5098746,833.2813604,860.6364339,762.7631177,742.7776286,700.5160422,607.4299047,660.7235712
Georgia,GEO,749.908535,801.9904139,853.5164537,1010.00798,1305.047486,1642.760938,1996.057129,2635.353882,3324.735879,2822.66743,3233.295943,4021.743306,4421.818242,4623.745725,4739.188338,4014.185944
Germany,DEU,23635.92922,23607.88286,25077.72908,30243.57653,34044.05363,34507.36881,36323.44774,41587.2129,45427.15168,41485.90165,41531.9342,46644.77603,43858.36306,46285.76407,47959.99327,41086.72967
Ghana,GHA,258.4710399,269.0149848,304.564636,367.8213621,417.5080667,492.5440562,913.3938493,1081.166318,1217.064435,1077.662058,1299.345212,1549.462719,1587.560932,2361.090324,2012.264247,1774.074771
Gibraltar,GIB,..,..,..,..,..,..,..,..,..,..,..,..,..,..,..,..
Greece,GRC,12042.95371,12538.17887,14110.31337,18477.57836,21955.10414,22551.73577,24801.15778,28827.32639,31997.28202,29710.97023,26690.60742,25450.53412,21914.25173,21781.59535,21587.95755,18076.60676
Greenland,GRL,19004.10729,19275.47334,20652.87833,27459.76278,32023.45221,32489.78191,35458.12312,39780.95144,44367.05565,44918.56488,43988.33249,47186.98147,45936.76595,47535.58995,50484.92757,44536.40131
Grenada,GRD,5056.977259,5041.012235,5213.795649,5682.705378,5741.653658,6645.985549,6658.223586,7212.986819,7832.349081,7290.834938,7258.166561,7291.74167,7444.089075,7789.632355,8370.040472,9096.538652
Guam,GUM,..,..,21594.03969,22628.27869,24472.78202,26596.21479,26713.05839,27680.54996,29288.78186,30320.53859,31040.0843,31210.47029,32908.30677,33656.45357,34843.20557,35829.25036
Guatemala,GTM,1664.298958,1550.360366,1682.994501,1737.879287,1859.098363,2068.500129,2251.087963,2490.749127,2802.461962,2651.817123,2852.547327,3228.045741,3355.036919,3522.773706,3779.642336,3994.636913
Guinea,GIN,363.4822793,336.1540207,343.6026312,393.7396899,407.3009759,322.41554,453.4037133,659.992931,715.0965267,674.0854826,672.4249304,651.1361134,717.0505359,769.0031667,787.2385644,769.2554754
Guinea-Bissau,GNB,308.9103184,319.9574494,333.0585793,372.0561949,405.0751184,436.4752202,430.0039403,493.7219932,599.9952372,559.4145709,558.1746681,703.6605673,616.375664,634.6620391,623.3130914,603.3993815
Guyana,GUY,954.4003181,955.6653806,974.9491933,997.2113729,1056.423886,1105.506825,3188.67316,3658.479967,4050.786237,4233.766143,4580.698762,4908.566448,5378.810878,5489.140726,5407.147366,5576.825852
Haiti,HTI,805.0256325,735.5211179,692.0301629,542.3335961,667.2825464,781.2766578,804.5245119,1002.888487,1086.938192,1183.604854,1191.972664,1287.95465,1337.335946,1432.837618,1435.13647,1386.854191
Honduras,HND,1080.510472,1120.54996,1122.0886,1145.497946,1204.479826,1296.694784,1420.134396,1572.064888,1727.793682,1777.272802,1891.158589,2073.90437,2129.521439,2088.097206,2190.653139,2286.203037
"Hong Kong SAR, China",HKG,25756.66378,25230.21633,24665.89,23977.01945,24928.10037,26649.7508,28224.21506,30594.01784,31515.66277,30697.34038,32549.99823,35142.48793,36730.8767,38403.77771,40315.28556,42431.88828
Hungary,HUN,4624.281657,5276.033189,6655.333009,8421.103313,10303.70419,11225.93258,11493.10041,13944.97101,15777.19202,13081.79264,13223.083,14240.2575,12989.18028,13719.95054,14298.83367,12720.71202
Iceland,ISL,32096.37226,28897.44394,32409.21615,39476.69785,47334.93065,56794.85016,57492.93425,69495.72674,56943.37045,41301.27322,43237.07295,47714.59223,45995.54788,49804.983,54576.74481,52951.68151
India,IND,443.3141938,451.5729973,470.9867868,546.7266135,627.7742417,714.8610154,806.7532806,1028.334772,998.5223415,1101.960838,1357.563727,1458.104066,1443.882435,1449.610451,1573.885642,1605.605445
Indonesia,IDN,780.1902047,748.2576087,900.1775881,1065.64852,1150.261367,1263.287332,1589.801489,1860.002811,2166.854231,2261.247309,3122.362673,3643.047176,3694.35934,3623.927241,3491.637491,3331.695115
"Iran, Islamic Rep.",IRN,1670.009674,1909.412306,1911.678649,2253.935835,2756.198822,3246.051122,3774.358055,4904.666183,5717.314148,5709.948293,6599.660938,7781.405801,7927.844908,6018.3229,5585.525604,4904.327315
Iraq,IRQ,2058.264401,1494.388802,1320.734706,854.8252808,1391.963489,1855.522348,2373.209448,3182.841351,4636.639325,3853.82862,4657.280269,6045.494567,6836.073995,7076.552265,6637.684375,4688.318017
Ireland,IRL,26269.18162,28257.93859,32550.27907,41112.74822,47666.54708,50914.03129,54283.68178,61318.46603,61103.51347,51927.23096,48607.94052,52108.83323,49028.82739,51518.3881,55525.89725,61987.551
Isle of Man,IMN,20322.68202,21351.11694,24864.43629,29522.27779,35494.66734,37766.67954,42107.83723,54196.30173,70986.30133,65029.01975,69767.34336,77349.22524,79148.33225,83357.13268,92334.64631,85126.97047
Israel,ISR,21061.48228,20316.24805,18439.64616,18991.37985,19910.61067,20585.13861,21853.14024,24952.54759,29650.77025,27780.46372,30780.02382,33775.512,32667.60687,36499.45611,37847.64994,35808.43643
Italy,ITA,20087.59199,20483.21599,22270.14412,27465.6753,31259.7165,32043.14037,33501.65817,37822.66524,40778.34274,37079.75867,36000.52012,38599.06221,35053.52624,35549.9747,35518.41529,30230.2263
Jamaica,JAM,3392.123878,3437.655517,3609.203331,3480.511665,3733.798671,4103.601637,4331.292053,4623.747897,4928.126409,4335.178411,4704.04776,5111.465987,5209.859264,4989.734089,4834.284009,4907.927415
Japan,JPN,39169.35957,34406.18246,32820.79364,35387.03742,38298.98017,37812.89502,35991.546,35779.02454,39876.30397,41308.99684,44968.15623,48760.07895,49145.28043,40898.6479,38475.39525,34960.63938
Jordan,JOR,1651.621798,1720.361427,1802.055064,1876.259338,2044.963723,2183.394643,2513.028732,2735.378767,3455.769953,3559.692102,3736.645462,3852.890025,3910.346894,4044.426869,4131.44735,4164.108769
Kazakhstan,KAZ,1229.001247,1490.92709,1658.030785,2068.123979,2874.288483,3771.278957,5291.575305,6771.414797,8458.017154,7165.223175,9070.488253,11634.0012,12386.69927,13890.63096,12807.26069,10510.77189
Kenya,KEN,397.4826588,395.3294716,389.5426302,429.787819,451.6687666,511.6163943,685.9544229,825.666555,902.0699578,1035.338787,1080.296184,1085.487152,1271.815383,1354.820833,1462.220052,1464.554009
Kiribati,KIR,796.8032036,735.0691064,826.9168653,1015.667006,1131.152504,1214.635603,1168.473302,1374.395199,1428.134977,1312.023443,1516.76323,1734.903839,1788.691439,1715.814321,1642.820129,1542.616465
"Korea, Dem. People's Rep.",PRK,..,..,..,..,..,..,..,..,..,..,..,..,..,..,..,..
"Korea, Rep.",KOR,12256.99357,11561.24837,13165.06574,14672.85747,16496.12009,19402.50263,21743.47745,24086.41044,21350.42798,19143.85161,23087.22564,25096.26388,25466.76052,27182.73431,29249.57522,28732.23108
Kosovo,XKX,..,..,..,..,..,..,..,..,2965.449915,2847.555339,3009.559334,3540.891789,3410.85978,3704.784221,3902.676013,3520.766449
Kuwait,KWT,18440.37852,16587.24865,17846.37616,22148.37815,27011.654,35591.03713,42781.56475,45782.14857,55494.9301,37561.72593,38577.49828,48631.7834,51979.12069,49388.05338,44062.34091,29869.55275
Kyrgyz Republic,KGZ,279.6195693,308.4096116,321.7270332,380.5064324,433.2349766,476.55213,543.1107024,721.7686908,966.3936272,871.2243893,880.0377751,1123.883168,1177.974735,1282.437162,1279.769783,1121.082835
Lao PDR,LAO,325.1869371,326.9417867,320.0614597,362.8214135,417.9291685,475.6107962,591.000192,710.3764067,900.7387639,949.1783811,1141.235703,1378.498492,1581.62871,1831.936916,1999.958203,2140.044323
Latvia,LVA,3361.640869,3578.0019,4136.933297,5145.195232,6378.666521,7594.902384,9723.446902,14113.52913,16467.14369,12331.92855,11420.994,13338.96224,13847.33794,15007.49186,15721.45233,13780.91355
Lebanon,LBN,4491.641934,4422.389292,4579.459593,4576.387617,4630.790585,4575.107459,4626.853003,5207.792723,6111.327281,7354.953605,7761.641489,7675.30894,7952.151266,7933.23332,7687.759336,7663.920232
Lesotho,LSO,436.4881373,405.6057121,382.1896086,573.6517781,753.3759044,842.812631,904.6061298,846.5423208,889.1342855,874.7298605,1119.843641,1287.269536,1229.636232,1166.911756,1194.575627,1146.064688
Liberia,LBR,306.8338642,306.7102516,306.4739396,243.0895775,286.0647253,294.8932201,336.1156743,396.6017613,478.3995401,470.9481214,513.4455667,596.8966353,675.0101918,747.8686601,739.911935,721.5810505
Libya,LBY,7142.771786,6266.489821,3703.042952,4673.145576,5800.588826,8163.00937,9336.353498,11300.19323,14382.59529,10275.26154,12064.77291,5554.180053,13025.27932,10363.80425,6466.908237,4337.919139
Liechtenstein,LIE,74853.93873,74287.41337,79345.75247,89859.86537,100289.243,105399.2605,114374.2465,130655.637,143264.0594,126096.6104,141192.5347,158130.4575,149010.2249,173030.2083,178864.8519,167313.2663
Lithuania,LTU,3293.229979,3525.793632,4141.592702,5499.428989,6700.327192,7854.765279,9230.707981,12285.44705,14944.99665,11820.77616,11987.50841,14376.94786,14367.70942,15729.65247,16551.0182,14258.22933
Luxembourg,LUX,48538.7829,48398.22929,52754.27325,65544.59195,76404.41504,80957.94128,90712.79929,107338.8652,119932.2437,108987.6776,110777.9079,118869.2999,112591.1162,119966.0349,123514.1967,105419.6085
"Macao SAR, China",MAC,15835.99101,15665.29797,16424.93211,17921.10457,22568.31017,25183.13268,30121.56043,36550.50516,40810.82804,41010.06826,52473.19099,66891.28197,76572.15179,89260.7571,93022.87514,74818.94813
North Macedonia,MKD,1861.898065,1823.023561,1989.135125,2440.476943,2795.899261,3072.678573,3362.968419,4079.391954,4841.251694,4584.709832,4577.688755,5098.097583,4728.308142,5241.058345,5495.735049,4861.553971
Madagascar,MDG,293.6071574,334.4416177,319.2163788,368.7972369,284.4877263,319.5374751,338.7511983,438.6555158,536.3514017,467.5397834,471.9592116,531.2654321,518.1528127,541.0659437,530.8610389,467.2354316
Malawi,MWI,156.3858168,150.1489426,298.4334104,267.3990119,282.5671076,289.5552148,308.1636182,332.2590946,387.6057212,438.2118568,478.6686885,534.9510502,391.5617052,348.4298737,371.2695217,380.5969877
Malaysia,MYS,4043.662923,3913.429386,4165.726104,4461.847325,4952.213958,5587.02478,6209.126167,7243.456801,8474.587762,7292.494973,9040.568495,10399.37021,10817.43171,10970.1043,11319.06194,9955.242722
Maldives,MDV,2234.595861,3038.781417,3049.207981,3476.006273,3941.431136,3640.012132,4809.93374,5574.401981,6614.23618,6636.543871,7076.739821,7291.465967,7265.723399,7928.476443,8499.307148,9033.41027
Mali,MLI,270.542236,307.7048595,336.4187392,393.4050091,440.9567771,489.0213369,523.0386031,597.4844576,697.0878685,701.7171134,710.2742494,837.605821,778.6252695,805.0339796,848.279043,751.4728866
Malta,MLT,10432.32812,10402.23337,11289.88984,13669.49712,15197.05671,15888.17232,16723.88418,19485.87119,22205.35681,21083.27715,21799.17426,23155.55479,22527.63676,24771.07658,26754.26845,24921.60368
Marshall Islands,MHL,2272.678016,2389.060707,2515.624045,2457.65454,2431.166018,2471.352046,2537.717206,2646.873996,2704.463554,2662.334015,2846.065542,3046.290071,3181.6247,3246.63025,3185.261354,3199.886846
Mauritania,MRT,676.5690224,646.1151155,639.6675829,717.8998676,803.7779156,970.8423607,1259.541505,1357.124285,1579.511548,1389.338533,1610.921603,1879.772472,1815.218939,1892.094,1677.109019,1524.071753
Mauritius,MUS,3929.075495,3856.625227,4018.948897,4793.718179,5388.065784,5282.906022,5695.969327,6574.654338,8030.063005,7318.12641,8000.376432,9197.026972,9291.227619,9637.00265,10153.93822,9260.447303
Mexico,MEX,7157.8145,7544.568723,7593.137345,7075.369643,7484.486399,8277.671564,9068.294218,9642.680517,10016.57121,8002.972178,9271.398396,10203.4213,10241.72783,10725.18359,10928.91601,9616.645558
"Micronesia, Fed. Sts.",FSM,2171.889577,2248.492115,2265.944108,2295.868178,2253.113745,2358.1467,2406.114412,2458.658394,2541.261625,2721.97609,2885.305492,3009.256825,3131.386715,2994.792394,2971.512602,2906.617012
Moldova,MDA,440.6720307,507.5576584,570.9726454,682.5255088,897.4499588,1034.707058,1183.379211,1531.685476,2111.201495,1899.010117,2437.529978,2942.255949,3045.739874,3322.038436,3328.801449,2732.457113
Monaco,MCO,82365.49236,83724.46591,90506.85951,108656.8026,123523.4932,124197.2754,134048.6219,169966.3069,185785.7259,154775.3808,150737.8925,169016.1961,157520.2194,177673.7454,189432.37,165989.5051
Mongolia,MNG,474.2170943,524.0540084,571.594979,646.192471,797.9777263,998.829388,1334.212724,1632.727582,2136.562402,1714.361827,2643.287083,3757.565415,4351.888461,4366.089537,4158.521471,3875.321675
Montenegro,MNE,1627.072633,1909.598702,2106.635068,2789.159065,3380.165121,3674.617924,4425.678873,5976.394145,7367.751909,6727.107767,6688.4824,7328.932252,6586.721279,7186.429787,7378.345289,6514.272695
Morocco,MAR,1334.943464,1339.294077,1416.488396,1725.457466,1952.902534,2018.025547,2196.011276,2499.259938,2890.360715,2866.92411,2839.92612,3046.947854,2912.658275,3121.680081,3171.699192,2875.257985
Mozambique,MOZ,319.3596208,296.2684069,302.5452337,326.0751909,383.2702219,416.8098242,435.3340633,482.1985636,563.6496343,520.4026316,471.9043433,594.5861471,657.6446765,664.0775104,673.969212,589.85905
Myanmar,MMR,7925.255928,9602.638369,14316.96245,22108.75507,29454.75306,37990.62065,50103.09094,71132.71195,97823.66362,111128.3568,129889.1464,154919.2222,2209.352124,1168.1654,1210.097636,1196.743357
Namibia,NAM,2185.604115,1950.648536,1808.884899,2621.700395,3464.418226,3739.531717,4059.101348,4405.410399,4212.367197,4295.387143,5394.996712,5806.748246,5942.29274,5392.094938,5469.9014,4896.61526
Nauru,NRU,..,..,..,..,..,..,..,..,..,..,4752.175082,6560.27487,9562.667866,9648.495655,10171.48073,8341.012278
Nepal,NPL,229.4903926,246.7255581,244.7208435,252.4023518,286.1576726,315.80563,346.9453313,391.3800572,470.455459,478.1732528,592.4012071,799.5833769,804.1416073,823.3598746,844.8531248,901.7496077
Netherlands,NLD,26149.41108,26873.27593,29204.03983,35672.2066,40362.39478,41979.05585,44863.35063,51733.44213,57644.47997,52514.02712,50950.03434,54159.34661,50073.00566,52184.06185,52830.17423,45175.23189
New Caledonia,NCL,16039.16917,15174.27843,16885.8944,21817.31511,25770.53108,26861.69844,29604.05264,36864.85762,37353.7373,35391.08787,37494.89516,40697.65294,37294.02281,38503.25385,39675.56631,32520.29416
New Zealand,NZL,13641.10272,13882.85683,16874.18749,21913.70817,25420.23488,27751.06547,26654.5932,32479.98174,31252.96256,28209.36233,33676.77412,38387.62708,39973.38076,42976.64959,44572.89875,38630.72659
Nicaragua,NIC,1007.499839,1034.551387,1000.936715,1005.733044,1080.269119,1162.289685,1226.644309,1327.966782,1499.25762,1444.36951,1503.864191,1655.802946,1760.460308,1811.636803,1934.062922,2049.851666
Niger,NER,197.8326834,208.3770599,228.2359086,268.349893,286.4900658,321.7236612,336.2819503,390.2844802,478.502559,464.057999,476.8695322,512.595335,529.7444581,552.569139,564.5967488,484.1531374
Nigeria,NGA,567.9307221,590.381815,741.7474939,795.3862287,1007.874342,1268.383462,1656.424794,1883.461388,2259.114059,1911.607866,2280.437337,2487.598017,2723.822191,2961.549422,3098.985791,2687.480056
Northern Mariana Islands,MNP,..,..,21981.78456,21379.02474,21139.06359,18763.15278,17714.63336,16988.13728,17191.1902,14669.52061,14804.24673,13496.75078,13736.97197,14091.19118,15044.9359,16314.38355
Norway,NOR,38131.46061,38542.7151,43084.47247,50134.89077,57603.83602,66810.47852,74148.32008,85139.96045,96944.09561,79977.69708,87693.79007,100600.5624,101524.1419,102913.4508,97019.18275,74355.51586
Oman,OMN,8601.271932,8475.968623,8626.965289,9066.312383,10126.13779,12377.08003,14420.51202,15838.46957,22139.74068,16823.79495,18712.57015,20876.58504,21872.61054,20865.78787,20035.21731,16033.46383
Pakistan,PAK,576.1955804,544.4942514,534.3039007,599.3763305,687.8364127,748.9225893,836.8605262,908.0950852,990.8466112,957.9956753,987.409712,1164.978823,1198.117637,1208.91771,1251.175719,1356.667831
Palau,PLW,7657.951214,8092.207323,8307.957438,7771.209368,8317.113942,9626.612414,9843.049373,10381.42387,10598.88283,10252.75014,10356.63362,11094.83322,12044.10547,12561.33614,13711.7617,15876.46193
Panama,PAN,4060.317793,4046.429148,4126.232386,4267.292687,4592.152614,4916.907612,5348.884253,6166.187871,7154.274501,7576.140457,8082.016175,9358.26813,10722.26147,11889.09507,12796.07403,13630.30114
Papua New Guinea,PNG,602.1864903,515.6847804,491.8343081,568.2463486,618.0367032,749.1865116,1256.979648,1401.949447,1672.951024,1626.312855,1949.351185,2406.910967,2790.676303,2729.888751,2920.782986,2679.346579
Paraguay,PRY,1663.604939,1565.054289,1300.852367,1365.416418,1679.49512,1843.634108,2271.088885,2976.824014,4047.909791,3626.818637,4359.428415,5329.387437,5185.141549,5936.975959,6118.31811,5413.776021
Peru,PER,1955.588006,1941.475342,2021.240038,2145.643889,2417.034363,2729.499172,3154.331349,3606.070689,4220.616378,4196.311627,5082.353706,5869.323882,6528.971775,6756.752996,6672.877373,6229.100674
Philippines,PHL,1072.801752,990.5659913,1036.158331,1048.008205,1121.490006,1244.348741,1452.438089,1744.639979,1998.02692,1904.196388,2217.472153,2450.735694,2694.305109,2871.429701,2959.645435,3001.043182
Poland,POL,4501.454067,4991.244358,5207.171421,5701.602212,6681.386472,8021.505743,9035.410467,11254.51739,13996.02515,11526.05589,12613.011,13879.56099,13097.27085,13696.4663,14271.30585,12578.49547
Portugal,PRT,11497.75346,11724.6115,12875.32079,15762.97579,18031.00042,18773.12536,19822.84603,22782.09462,24847.54514,23059.79745,22498.69086,23186.91313,20564.88986,21647.04181,22074.30076,19242.36647
Puerto Rico,PRI,16192.12697,18123.1987,18731.45939,19557.12025,20988.99233,21959.3227,22935.94116,23664.88235,24898.33459,25768.72589,26435.74879,27278.88305,27944.73389,28513.16574,28981.45733,29763.4883
Qatar,QAT,29976.16763,28517.22084,30214.67042,34517.60321,42124.94084,51455.95094,59530.561,65421.37692,80234.19083,59094.65918,67403.08768,82409.94165,85075.98654,85050.68434,83858.34046,63039.11263
Romania,ROU,1659.90764,1825.179805,2119.882673,2679.41191,3494.944517,4617.929016,5757.496429,8360.166321,10435.04398,8548.118672,8214.076893,9099.217539,8507.104775,9547.852151,10043.67745,8969.148921
Russian Federation,RUS,1771.594059,2100.352512,2377.529577,2975.125353,4102.364833,5323.463083,6920.189125,9101.255049,11635.27293,8562.813277,10674.99578,14311.08432,15420.87454,15974.64463,14095.64874,9313.013625
Rwanda,RWA,260.6011858,238.7812778,233.1512636,249.7433131,273.6336903,331.6901134,366.8943924,438.6641845,543.5453565,579.726615,609.724917,668.4946722,725.1697703,722.8943285,743.559038,751.0773926
Samoa,WSM,1542.066736,1556.999425,1633.007661,1909.154441,2353.455973,2590.489858,2796.601169,3133.671327,3378.953029,3168.228207,3566.42836,3932.105847,4020.959844,4037.813829,3937.186246,4071.926959
San Marino,SMR,36604.49338,38730.80304,41464.74643,51270.12923,59558.77272,60900.54329,64261.03273,72697.70599,78643.55065,66703.21823,60254.7763,57297.51331,49988.46363,51570.98395,50817.33082,42662.90265
Sao Tome and Principe,STP,..,524.6698721,577.628404,678.7379639,745.3202999,866.5049956,883.0970413,896.8677913,1098.755219,1067.908053,1090.260763,1254.541598,1330.620114,1564.768548,1770.467688,1584.775657
Saudi Arabia,SAU,9171.331476,8684.645762,8695.396483,9609.968686,11185.13704,13791.45476,15384.73836,16516.63178,20078.26007,16113.14371,19262.5476,23745.88058,25243.602,24845.12466,24464.21256,20627.92693
Senegal,SEN,613.7323845,648.4414733,681.3118508,831.8310403,932.1680954,992.6880581,1027.731441,1197.409561,1403.949385,1308.937808,1271.583281,1366.774501,1317.779802,1372.665779,1396.657339,1219.249415
Serbia,SRB,914.7857199,1727.281196,2283.846685,3005.426352,3502.802924,3720.479155,4382.617279,5848.476405,7101.040141,6169.114195,5735.422857,6809.159804,6015.945228,6755.073675,6600.056809,5588.980728
Seychelles,SYC,7578.851053,7663.13708,8331.261997,8524.961236,10176.65871,11092.51074,12014.39987,12154.82994,11122.86207,9706.95606,10804.68447,12189.09516,12006.68296,14765.67398,14700.33434,14745.34146
Sierra Leone,SLE,138.6987225,229.3756595,252.396007,266.4469054,266.5693713,292.3490663,323.3890184,360.3716605,408.4810085,391.200943,401.8348761,448.3376621,566.3782351,716.8358269,714.6997957,588.2288628
Singapore,SGP,23852.32703,21700.02005,22159.68886,23730.15245,27608.53737,29961.26328,33769.15416,39432.93835,40007.46926,38927.20688,47236.96023,53890.42873,55546.48854,56967.42579,57562.53079,55646.61875
Sint Maarten (Dutch part),SXM,..,..,..,..,..,..,..,..,..,..,..,27997.28983,28460.33262,27942.88054,33043.68838,32274.89055
Slovak Republic,SVK,5413.150621,5717.21709,6533.553213,8712.698793,10671.82186,11685.75482,13159.75944,16085.61152,18677.29271,16531.67051,16825.35163,18406.01196,17430.82675,18203.24249,18630.97598,16335.6454
Slovenia,SVN,10201.30354,10479.75963,11777.15566,14849.03724,17233.13856,18098.90854,19672.96556,23787.64656,27483.33717,24694.23049,23509.54314,25095.13229,22643.10025,23496.6025,24214.92207,20881.76693
Solomon Islands,SLB,1017.613757,965.7656751,795.6015338,788.6131193,867.1071722,1014.85528,1119.693297,1260.289404,1388.963877,1428.505673,1604.20583,1938.891187,2141.821522,2248.614935,2274.887866,2167.119928
Somalia,SOM,..,..,..,..,..,..,..,..,..,..,..,..,..,297.9553578,295.2666099,293.4551719
South Africa,ZAF,3374.718423,2971.819769,2797.087291,4217.11478,5409.133489,6033.101491,6266.533987,6780.884555,6350.65271,6532.736968,8148.961202,8810.930651,8222.197279,7467.079185,6988.808739,6259.839681
South Sudan,SSD,..,..,..,..,..,..,..,..,1669.493752,1337.882231,1535.706892,1516.404378,1179.739711,1779.470365,1322.820364,1119.651437
Spain,ESP,14713.06571,15355.70317,17025.53198,21463.44266,24861.2828,26419.29686,28365.31349,32549.97098,35366.2596,32042.47408,30502.71971,31636.44631,28324.42934,29059.54795,29461.55033,25732.01836
Sri Lanka,LKA,869.696285,832.8035723,867.4914868,982.195697,1065.784437,1248.698185,1435.816813,1630.388906,2037.322103,2090.401826,2799.648738,3200.861132,3350.521876,3610.289363,3819.25353,3843.780672
St. Kitts and Nevis,KNA,9565.949909,10283.0328,10650.84515,10270.60416,10942.72823,11679.40971,13614.41512,14429.55024,15592.87088,15388.44344,15510.19915,16539.76901,16046.48694,16685.94759,18051.17903,18028.97343
St. Lucia,LCA,5950.047485,5642.748904,5646.456535,6150.921369,6591.645501,6949.204173,7669.21347,7969.797993,8456.694632,8137.750991,8540.07098,8983.743733,9086.387955,9378.985047,9843.308534,10093.61802
St. Martin (French part),MAF,..,..,..,..,..,..,..,..,..,..,..,..,..,..,..,..
St. Vincent and the Grenadines,VCT,3676.352092,3985.807613,4272.956059,4447.918312,4809.934335,5070.381521,5625.399437,6307.313617,6415.343305,6232.371642,6292.498854,6242.252962,6390.310632,6639.484897,6684.377547,6921.702479
Sudan,SDN,366.172742,383.0160766,418.2517586,484.8449083,573.3069414,689.2096107,905.3096991,1128.410266,1304.533051,1163.797223,1489.874087,1437.779831,1332.914187,1381.489462,1625.463728,1656.905841
Suriname,SUR,2012.281651,1750.576737,2267.753984,2611.377493,3006.183233,3590.648183,5197.747907,5744.759727,6831.983622,7408.360786,8255.874872,8263.203803,9200.974786,9402.164419,9471.922001,9168.237157
Eswatini,SWZ,1728.710498,1521.769075,1405.448706,2148.632475,2699.130742,3083.838141,3176.691168,3327.445134,3137.387266,3385.858846,4168.489403,4496.613361,4527.565039,4230.171266,4039.159341,3680.349473
Sweden,SWE,29624.91267,27247.85773,29899.19525,37321.7979,42821.67314,43437.06312,46593.60216,53700.00534,56152.55234,46946.96027,52869.04429,60755.75955,58037.82132,61126.9432,60020.36046,51545.48361
Switzerland,CHE,38952.0342,39727.84667,42578.76314,49470.39713,54878.471,56546.78566,59300.61722,65359.51922,74572.23237,72083.1677,77117.12601,91254.03476,86547.67089,88109.48675,89684.70758,84776.14217
Syrian Arab Republic,SYR,4910.777748,5175.261944,5300.582812,5494.839654,6330.740183,7309.107876,8069.564879,9056.634662,10554.08378,10589.59905,11820.60778,3050.754453,2094.408097,1039.17531,1135.125244,916.3580331
Tajikistan,TJK,138.4291467,171.0480646,190.0026776,237.7573352,311.6272313,340.5831832,408.8384135,526.6432883,715.8657063,676.1235111,749.5524123,847.3824321,969.2961039,1048.225602,1104.172358,978.4049812
Tanzania,TZA,410.9523655,406.5387537,411.9723218,431.2797298,459.2592952,492.6313397,485.4974495,552.8395016,687.3904455,695.2168433,743.4036639,781.4338957,867.8574989,970.3996014,1030.077648,947.9333517
Thailand,THA,2007.735271,1893.264239,2096.187802,2359.116831,2660.126835,2894.062656,3369.543198,3973.017172,4379.658787,4213.006654,5076.339872,5492.1215,5860.581471,6168.261356,5951.883487,5840.053067
Timor-Leste,TLS,415.0859486,529.7781659,508.8405861,517.8269684,453.5133127,464.5459387,446.4665297,523.7376349,614.435755,676.6190754,806.4143493,936.4485956,1024.172508,1210.035655,1232.450336,1332.791856
Togo,TGO,302.958592,292.8231035,328.3981073,396.9205798,413.3298662,406.562366,408.0571173,449.7382505,546.3503702,540.6087126,534.0447826,587.0974928,571.8067239,621.3988536,640.9342196,570.9099672
Tonga,TON,2091.113009,1839.086867,1845.669127,2030.775469,2301.654115,2594.418739,2873.076637,2910.145122,3331.546555,3006.606344,3527.952342,4002.813771,4581.783245,4428.146521,4354.24436,4336.239603
Trinidad and Tobago,TTO,6435.134212,6939.828471,7053.087371,8807.866068,10293.86925,12327.28071,14102.59329,16539.89075,21204.00818,14514.24061,16683.39306,19034.12071,19157.45977,20143.54541,20270.93377,18214.46062
Tunisia,TUN,2211.835015,2253.034852,2344.396907,2760.405122,3111.374381,3193.204358,3369.924443,3776.332046,4307.580023,4128.463959,4344.64192,4479.930327,4361.687736,4444.816511,4544.016632,4094.836287
Turkey,TUR,4337.478003,3142.920998,3687.956093,4760.104019,6101.632117,7456.296101,8101.856924,9791.88245,10941.17215,9103.474051,10742.77498,11420.55546,11795.63346,12614.78161,12157.99043,11006.27952
Turkmenistan,TKM,643.1909754,774.482152,967.8874353,1283.908782,1453.917784,1704.41538,2136.472101,2600.368758,3904.465301,4036.456805,4439.202128,5649.962106,6675.178055,7304.285771,7962.244925,6432.685325
Turks and Caicos Islands,TCA,..,16625.48892,15785.96255,16384.90243,18181.09289,20533.18761,24559.1437,25457.97782,27650.11635,22020.34729,21029.69594,21839.00902,21345.02598,21715.31397,23778.51913,26183.88504
Tuvalu,TUV,1463.166211,1392.334348,1610.653001,1874.853819,2181.636269,2184.565259,2263.575948,2645.109505,2936.521547,2602.619444,3024.761774,3643.121608,3506.308144,3457.376266,3398.39675,3197.772252
Uganda,UGA,261.8691416,239.473127,245.5000403,254.3012043,296.0142675,333.7315763,349.2171001,403.6637446,474.5179496,799.9658963,822.5393725,832.5690782,790.1314506,810.090395,883.5287445,847.2676289
Ukraine,UKR,635.7044182,780.3211789,878.6187489,1047.50279,1366.016476,1826.931391,2300.769709,3065.611294,3887.242337,2542.995424,2965.139715,3569.758121,3855.417729,4029.711252,3104.643206,2124.662319
United Arab Emirates,ARE,33291.36625,31280.75586,31567.54631,33499.10278,36333.18733,39365.45964,41907.42147,41809.46216,44498.94051,32024.19778,33893.26387,39194.67224,40976.49075,42412.6395,43751.80565,38663.4005
United Kingdom,GBR,28223.06757,27806.44882,30049.89632,34487.46757,40371.71083,42132.09072,44654.09692,50653.25691,47549.34863,38952.21103,39688.61497,42284.88449,42686.80005,43713.81412,47787.2413,45404.56777
United States,USA,36334.90878,37133.24281,38023.16111,39496.48588,41712.80107,44114.74778,46298.73144,47975.9677,48382.55845,47099.98047,48466.6576,49882.55813,51602.93105,53106.53677,55049.98833,56863.3715
Uruguay,URY,6875.025469,6284.45968,4090.891888,3624.205685,4120.544205,5226.9441,5887.845162,7026.503055,9091.079039,9451.932449,11992.02377,14236.715,15171.58017,16973.68924,16831.94819,15613.74597
Uzbekistan,UZB,558.2268024,456.7062895,383.343068,396.377979,465.1198869,546.7768502,654.2838373,830.4076942,1082.286025,1213.265328,1742.349256,2051.129515,2267.623275,2419.718703,2628.460008,2753.971072
Vanuatu,VUT,1470.63587,1363.185058,1354.100243,1580.575634,1788.122206,1887.226576,2049.532809,2352.973255,2629.053124,2573.889015,2839.40634,3173.822022,2997.293432,2954.774511,2926.67996,2695.666186
"Venezuela, RB",VEN,4842.036601,4986.675788,3700.87974,3272.615024,4325.696756,5504.97724,6833.378912,8454.469536,11432.74592,11765.09976,13825.35712,10955.53801,12986.22269,12457.7686,16055.64532,..
Vietnam,VNM,390.0933309,404.8078612,430.0528724,480.5798343,546.909619,687.4797274,784.3723759,906.2842299,1149.424495,1217.268583,1317.890646,1525.119025,1735.152116,1886.69017,2030.278447,2085.101349
Virgin Islands (U.S.),VIR,..,..,30062.02251,31731.25662,35006.36144,40828.74609,41377.1466,44158.5054,39152.37507,38753.18254,39905.12842,38997.13732,37795.31926,34597.97669,33045.36438,34007.35294
West Bank and Gaza,PSE,1476.17185,1335.553195,1156.217473,1257.69857,1422.190886,1543.701414,1570.1044,1664.245717,2035.202341,2191.781787,2557.075624,2880.798437,3067.438727,3315.297539,3352.112595,3272.154324
"Yemen, Rep.",YEM,554.4486653,550.3603645,579.8531406,620.382726,709.9653788,832.8441987,921.4183549,1017.292048,1229.246675,1116.084396,1334.784902,1374.621401,1446.536472,1607.152173,1674.002572,1601.830063
Zambia,ZMB,345.6896207,382.9410352,382.2419633,435.4581994,538.591553,702.7411184,1047.918843,1124.290586,1394.0005,1159.907499,1489.459087,1672.907535,1763.069442,1878.346811,1762.427817,1338.290927
Zimbabwe,ZWE,563.0575041,568.3862905,530.5304463,478.0076044,482.9984515,476.5554025,447.8547399,431.7872587,356.6932344,771.5990323,948.331481,1093.653409,1304.968011,1429.998461,1434.896277,1445.069702
