Country Name,Country Code,2000,2001,2002,2003,2004,2005,2006,2007,2008,2009,2010,2011,2012,2013,2014,2015
Afghanistan,AFG,..,..,179.43,190.68,211.38,242.03,263.73,359.69,364.66,437.27,543.31,591.19,638.85,624.32,614.22,556.01
Albania,ALB,1126.68,1281.66,1425.12,1846.12,2373.58,2673.79,2972.74,3595.04,4370.54,4114.13,4094.35,4437.14,4247.63,4413.06,4578.63,3952.80
Algeria,DZA,1765.03,1740.61,1781.83,2103.38,2610.19,3113.09,3478.71,3950.51,4923.63,3883.27,4480.79,5455.68,5592.22,5499.59,5493.06,4177.89
Andorra,AND,21854.25,22970.51,25067.24,32272.85,37966.19,40064.22,42674.76,47804.85,48719.66,43504.22,40850.25,43334.81,38686.46,39540.72,41303.93,35770.78
Angola,AGO,556.84,527.33,872.49,982.96,1255.56,1902.42,2599.57,3122.00,4080.94,3122.78,3587.88,4615.47,5100.10,5254.88,5408.41,4166.98
Antigua and Barbuda,ATG,10872.29,10367.32,10401.05,10797.95,11446.97,12557.55,13995.80,15622.69,16044.11,14160.56,13048.96,12746.63,13272.73,12910.59,13501.58,14285.33
Argentina,ARG,7708.10,7208.37,2593.40,3349.81,4277.72,5109.85,5919.01,7245.45,9020.87,8225.14,10385.96,12848.86,13082.66,13080.25,12334.80,13789.06
Armenia,ARM,622.74,694.42,783.24,930.13,1191.92,1643.76,2158.15,3139.28,4010.86,2994.34,3218.38,3525.81,3681.84,3838.17,3986.23,3607.29
Australia,AUS,21697.71,19527.32,20117.79,23492.41,30513.94,34081.00,36117.49,41001.14,49654.91,42783.32,52087.97,62574.15,68027.84,68156.63,62511.69,56707.02
Austria,AUT,24564.46,24537.51,26401.75,32222.90,36821.52,38403.13,40635.28,46855.77,51708.77,47963.18,46858.04,51374.96,48567.70,50716.71,51717.50,44178.05
Azerbaijan,AZE,655.12,703.68,763.08,883.73,1045.01,1578.40,2473.08,3851.44,5574.60,4950.29,5843.53,7189.69,7496.29,7875.76,7891.31,5500.31
"Bahamas, The",BHS,27098.16,27486.24,28867.08,28327.81,28396.01,30279.39,30713.80,31472.29,30627.33,28552.52,28443.89,28005.91,29485.86,28583.02,30065.16,31776.06
Bahrain,BHR,13636.42,12868.18,13049.91,14222.04,15846.51,17959.40,19307.51,20976.44,23066.45,19355.92,20722.07,22514.20,23654.37,24744.30,24989.44,22634.09
Bangladesh,BGD,418.07,415.03,413.08,446.31,475.29,499.46,509.64,558.05,634.99,702.26,781.15,861.76,883.12,981.86,1118.87,1248.45
Barbados,BRB,11268.42,11209.42,11361.52,11699.37,12512.58,13822.74,15199.57,16770.66,17092.58,15885.41,16056.37,16458.35,16249.67,16451.28,16489.07,16524.90
Belarus,BLR,1276.49,1244.37,1479.31,1819.77,2378.62,3125.81,3847.43,4735.66,6377.37,5352.58,6033.69,6527.17,6953.13,7998.13,8341.40,5967.05
Belgium,BEL,23041.53,22995.16,24887.56,30587.67,35364.38,36795.98,38672.71,44262.90,48106.89,44583.54,44141.88,47348.53,44673.12,46744.66,47700.54,40991.81
Belize,BLZ,3364.49,3404.42,3526.08,3650.61,3802.26,3885.03,4155.32,4252.40,4404.31,4186.52,4270.78,4423.50,4505.60,4568.64,4718.44,4770.23
Benin,BEN,512.67,518.07,574.93,711.28,798.74,822.79,856.05,966.20,1125.43,1088.76,1036.53,1130.27,1145.14,1251.21,1291.41,1076.80
Bhutan,BTN,718.20,764.43,845.50,962.10,1068.43,1228.43,1330.98,1757.19,1828.15,1819.20,2258.19,2563.26,2538.95,2472.72,2652.23,2752.63
Bolivia,BOL,997.58,948.87,904.23,907.54,967.41,1034.31,1218.87,1372.63,1715.21,1754.21,1955.46,2346.34,2609.88,2908.20,3081.88,3035.97
Bosnia and Herzegovina,BIH,1484.18,1544.60,1789.86,2258.95,2698.47,2980.60,3416.51,4193.37,5090.95,4714.69,4635.51,5092.55,4777.07,5129.66,5330.36,4729.69
Botswana,BWA,3522.31,3278.02,3190.62,4330.97,5073.52,5513.33,5521.99,5832.74,5713.54,5255.78,6434.81,7617.31,7050.57,7224.91,7495.22,6402.91
Brazil,BRA,3749.91,3160.25,2839.49,3070.44,3637.31,4790.46,5886.39,7348.19,8831.18,8597.79,11286.07,13245.39,12370.22,12300.39,12112.83,8813.99
Brunei Darussalam,BRN,18012.50,16472.00,16850.39,18560.50,21902.03,26105.42,30979.96,32663.39,37934.68,27956.01,35270.64,47055.96,47739.56,44740.86,41725.87,31164.04
Bulgaria,BGR,1621.24,1770.91,2092.96,2719.50,3389.71,3899.91,4523.05,5885.10,7265.74,6988.23,6853.00,7849.17,7432.48,7681.93,7901.79,7074.68
Burkina Faso,BFA,255.72,267.10,294.67,374.63,418.38,457.93,473.45,535.06,643.40,624.18,647.84,751.17,758.00,787.47,792.85,653.33
Burundi,BDI,136.46,134.36,123.12,113.57,128.34,151.68,167.38,172.50,198.35,212.14,234.24,249.58,252.36,256.98,274.86,305.55
Cabo Verde,CPV,1259.35,1292.23,1401.89,1809.11,2024.27,2099.15,2361.38,3186.78,3721.22,3517.43,3378.32,3740.37,3447.48,3616.04,3588.63,3043.03
Cambodia,KHM,300.61,321.15,338.99,362.34,408.51,474.11,539.75,631.53,745.61,738.05,785.50,882.28,950.88,1013.42,1093.50,1162.90
Cameroon,CMR,681.10,687.65,759.11,950.56,1090.79,1100.17,1147.44,1277.52,1439.55,1411.47,1352.30,1465.15,1403.52,1527.75,1604.21,1382.51
Canada,CAN,24271.00,23822.06,24255.34,28300.46,32143.68,36382.51,40504.06,44659.90,46710.51,40876.31,47562.08,52223.70,52669.09,52635.17,50956.00,43596.14
Central African Republic,CAF,251.21,250.36,260.75,293.66,320.74,331.16,354.67,404.37,464.56,474.71,488.42,551.75,565.80,380.30,424.45,377.42
Chad,TCD,166.18,197.15,221.42,292.60,454.34,658.57,710.40,799.60,929.38,803.69,892.57,984.74,967.35,979.81,1020.29,776.02
Chile,CHL,5074.90,4574.59,4446.25,4772.56,6194.85,7598.53,9464.55,10502.35,10751.48,10208.91,12808.04,14637.23,15351.54,15842.94,14670.99,13574.17
China,CHN,959.37,1053.11,1148.51,1288.64,1508.67,1753.42,2099.23,2693.97,3468.30,3832.24,4550.45,5614.35,6300.62,7020.34,7636.12,8016.43
Colombia,COL,2520.48,2439.68,2396.63,2281.40,2782.62,3414.47,3741.09,4714.07,5472.54,5193.24,6336.71,7335.17,8050.26,8218.35,8114.34,6175.88
Comoros,COM,647.43,680.91,747.99,937.71,1061.08,1069.03,1114.95,1240.09,1393.22,1344.73,1316.49,1447.95,1403.36,1505.34,1513.83,1242.59
Congo (Democratic Republic of the),COD,405.22,153.59,175.01,173.80,194.04,218.39,255.43,286.33,327.56,298.62,334.02,387.08,424.60,457.96,486.79,497.32
Congo,COG,1032.14,869.10,916.59,1028.42,1326.60,1834.88,2153.49,2262.85,2892.42,2336.16,3073.56,3557.56,3923.09,3883.75,3776.49,2447.54
Costa Rica,CRI,3789.05,3960.31,4042.71,4147.82,4404.71,4676.38,5227.47,6103.74,6901.39,6801.04,8227.13,9229.83,10075.00,10744.09,10847.17,11642.78
Cote d'Ivoire,CIV,1007.47,997.48,1047.75,1207.51,1308.29,1309.59,1347.99,1500.17,1738.19,1689.34,1701.48,1744.94,1684.78,1935.95,1561.46,1972.55
Croatia,HRV,4887.71,5412.93,6293.23,8129.79,9747.44,10621.51,11797.47,14046.32,16416.59,14653.04,14067.52,14757.18,13401.66,13837.73,13762.37,11933.38
Cuba,CUB,2747.10,2837.74,2999.24,3197.13,3395.71,3786.66,4683.57,5208.72,5411.27,5529.67,5730.35,6139.72,6497.31,6837.71,7133.34,7694.01
Cyprus,CYP,14388.35,14821.45,16093.21,20252.24,23792.62,24959.26,26729.32,31244.93,35397.36,32109.24,31023.64,32396.39,28912.16,27729.19,27163.33,23408.34
Czech Republic,CZE,6029.04,6637.04,8060.87,9818.57,11749.85,13430.67,15261.80,18466.55,22804.58,19861.70,19960.07,21871.27,19870.80,20133.17,19890.92,17829.70
Denmark,DNK,30743.55,30751.65,33228.69,40458.78,46511.60,48799.83,52027.00,58487.05,64322.06,58163.28,58041.40,61753.65,58507.51,61191.19,62548.98,53254.86
Djibouti,DJI,768.18,780.90,791.38,818.87,863.24,904.74,967.68,1052.72,1223.85,1267.32,1343.28,1451.55,1559.24,2312.72,2464.29,2658.95
Dominica,DMA,4787.80,4883.00,4770.85,4897.31,5216.87,5160.89,5518.42,5951.86,6468.94,6903.15,6967.36,7065.46,6849.46,7016.38,7317.49,7597.29
Dominican Republic,DOM,2869.18,2977.43,3110.33,2418.35,2487.33,3932.78,4109.03,4707.80,5087.98,5039.40,5555.39,5913.43,6110.37,6238.13,6608.83,6921.52
Ecuador,ECU,1445.28,1894.62,2172.10,2425.85,2691.28,3002.14,3328.88,3567.84,4249.02,4231.62,4633.59,5200.56,5682.05,6056.33,6377.09,6124.49
Egypt,EGY,1450.48,1378.20,1191.10,1102.47,1062.16,1186.39,1397.44,1667.32,2044.53,2331.27,2645.97,2791.81,3229.69,3262.66,3379.56,3562.93
El Salvador,SLV,2001.54,2072.30,2124.10,2209.50,2278.43,2428.57,2631.82,2786.16,2933.39,2858.48,2983.23,3266.01,3428.41,3509.53,3589.04,3705.58
Equatorial Guinea,GNQ,1725.56,2313.17,2744.19,3618.54,6152.13,10963.41,12857.37,15908.41,22942.61,16668.12,17288.84,21641.69,21711.15,20390.74,19394.08,11283.40
Eritrea,ERI,308.13,316.82,293.96,334.59,407.77,388.60,415.04,439.83,450.63,595.11,501.36,642.51,..,..,..,..
Estonia,EST,4070.61,4505.86,5341.63,7203.52,8914.10,10412.64,12639.40,16744.58,18204.97,14711.74,14663.04,17464.92,17404.20,19050.59,20234.12,17395.04
Ethiopia,ETH,124.46,120.77,111.93,119.49,136.47,162.43,194.69,244.29,326.44,380.57,341.55,354.48,467.08,499.53,566.93,640.54
Fiji,FJI,2069.32,2030.25,2248.71,2818.91,3311.16,3627.63,3715.93,4040.15,4167.69,3362.82,3652.54,4371.45,4591.58,4840.73,5605.61,5390.71
Finland,FIN,24285.47,24946.19,26869.67,32855.13,37702.85,39040.29,41188.09,48414.85,53554.04,47293.99,46459.97,51082.00,47710.79,49878.04,50260.30,42784.70
France,FRA,22364.03,22433.55,24177.34,29568.39,33741.26,34760.19,36443.63,41508.43,45334.12,41575.42,40638.34,43790.73,40874.70,42592.94,43011.26,36638.18
Gabon,GAB,4135.99,3993.03,4141.43,4933.46,5739.61,6891.36,7221.37,8458.31,10254.17,7721.02,8849.32,10809.68,9813.51,9683.58,9663.42,7384.70
Gambia,GMB,594.15,505.42,411.77,335.91,642.76,665.72,662.36,780.38,924.51,833.28,860.64,762.76,742.78,700.52,607.43,660.72
Georgia,GEO,749.91,801.99,853.52,1010.01,1305.05,1642.76,1996.06,2635.35,3324.74,2822.67,3233.30,4021.74,4421.82,4623.75,4739.19,4014.19
Germany,DEU,23635.93,23607.88,25077.73,30243.58,34044.05,34507.37,36323.45,41587.21,45427.15,41485.90,41531.93,46644.78,43858.36,46285.76,47959.99,41086.73
Ghana,GHA,258.47,269.01,304.56,367.82,417.51,492.54,913.39,1081.17,1217.06,1077.66,1299.35,1549.46,1587.56,2361.09,2012.26,1774.07
Greece,GRC,12042.95,12538.18,14110.31,18477.58,21955.10,22551.74,24801.16,28827.33,31997.28,29710.97,26690.61,25450.53,21914.25,21781.60,21587.96,18076.61
Grenada,GRD,5056.98,5041.01,5213.80,5682.71,5741.65,6645.99,6658.22,7212.99,7832.35,7290.83,7258.17,7291.74,7444.09,7789.63,8370.04,9096.54
Guatemala,GTM,1664.30,1550.36,1682.99,1737.88,1859.10,2068.50,2251.09,2490.75,2802.46,2651.82,2852.55,3228.05,3355.04,3522.77,3779.64,3994.64
Guinea,GIN,363.48,336.15,343.60,393.74,407.30,322.42,453.40,659.99,715.10,674.09,672.42,651.14,717.05,769.00,787.24,769.26
Guinea-Bissau,GNB,308.91,319.96,333.06,372.06,405.08,436.48,430.00,493.72,600.00,559.41,558.17,703.66,616.38,634.66,623.31,603.40
Guyana,GUY,954.40,955.67,974.95,997.21,1056.42,1105.51,3188.67,3658.48,4050.79,4233.77,4580.70,4908.57,5378.81,5489.14,5407.15,5576.83
Haiti,HTI,805.03,735.52,692.03,542.33,667.28,781.28,804.52,1002.89,1086.94,1183.60,1191.97,1287.95,1337.34,1432.84,1435.14,1386.85
Honduras,HND,1080.51,1120.55,1122.09,1145.50,1204.48,1296.69,1420.13,1572.06,1727.79,1777.27,1891.16,2073.90,2129.52,2088.10,2190.65,2286.20
"Hong Kong SAR, China",HKG,25756.66,25230.22,24665.89,23977.02,24928.10,26649.75,28224.22,30594.02,31515.66,30697.34,32550.00,35142.49,36730.88,38403.78,40315.29,42431.89
Hungary,HUN,4624.28,5276.03,6655.33,8421.10,10303.70,11225.93,11493.10,13944.97,15777.19,13081.79,13223.08,14240.26,12989.18,13719.95,14298.83,12720.71
Iceland,ISL,32096.37,28897.44,32409.22,39476.70,47334.93,56794.85,57492.93,69495.73,56943.37,41301.27,43237.07,47714.59,45995.55,49804.98,54576.74,52951.68
India,IND,443.31,451.57,470.99,546.73,627.77,714.86,806.75,1028.33,998.52,1101.96,1357.56,1458.10,1443.88,1449.61,1573.89,1605.61
Indonesia,IDN,780.19,748.26,900.18,1065.65,1150.26,1263.29,1589.80,1860.00,2166.85,2261.25,3122.36,3643.05,3694.36,3623.93,3491.64,3331.70
Iran (Islamic Republic of),IRN,1670.01,1909.41,1911.68,2253.94,2756.20,3246.05,3774.36,4904.67,5717.31,5709.95,6599.66,7781.41,7927.84,6018.32,5585.53,4904.33
Iraq,IRQ,2058.26,1494.39,1320.73,854.83,1391.96,1855.52,2373.21,3182.84,4636.64,3853.83,4657.28,6045.49,6836.07,7076.55,6637.68,4688.32
Ireland,IRL,26269.18,28257.94,32550.28,41112.75,47666.55,50914.03,54283.68,61318.47,61103.51,51927.23,48607.94,52108.83,49028.83,51518.39,55525.90,61987.55
Israel,ISR,21061.48,20316.25,18439.65,18991.38,19910.61,20585.14,21853.14,24952.55,29650.77,27780.46,30780.02,33775.51,32667.61,36499.46,37847.65,35808.44
Italy,ITA,20087.59,20483.22,22270.14,27465.68,31259.72,32043.14,33501.66,37822.67,40778.34,37079.76,36000.52,38599.06,35053.53,35549.97,35518.42,30230.23
Jamaica,JAM,3392.12,3437.66,3609.20,3480.51,3733.80,4103.60,4331.29,4623.75,4928.13,4335.18,4704.05,5111.47,5209.86,4989.73,4834.28,4907.93
Japan,JPN,39169.36,34406.18,32820.79,35387.04,38298.98,37812.90,35991.55,35779.02,39876.30,41309.00,44968.16,48760.08,49145.28,40898.65,38475.40,34960.64
Jordan,JOR,1651.62,1720.36,1802.06,1876.26,2044.96,2183.39,2513.03,2735.38,3455.77,3559.69,3736.65,3852.89,3910.35,4044.43,4131.45,4164.11
Kazakhstan,KAZ,1229.00,1490.93,1658.03,2068.12,2874.29,3771.28,5291.58,6771.41,8458.02,7165.22,9070.49,11634.00,12386.70,13890.63,12807.26,10510.77
Kenya,KEN,397.48,395.33,389.54,429.79,451.67,511.62,685.95,825.67,902.07,1035.34,1080.30,1085.49,1271.82,1354.82,1462.22,1464.55
Kiribati,KIR,796.80,735.07,826.92,1015.67,1131.15,1214.64,1168.47,1374.40,1428.13,1312.02,1516.76,1734.90,1788.69,1715.81,1642.82,1542.62
Korea (Democratic People's Rep. of),PRK,..,..,..,..,..,..,..,..,..,..,..,..,..,..,..,..
Korea (Republic of),KOR,12256.99,11561.25,13165.07,14672.86,16496.12,19402.50,21743.48,24086.41,21350.43,19143.85,23087.23,25096.26,25466.76,27182.73,29249.58,28732.23
Kuwait,KWT,18440.38,16587.25,17846.38,22148.38,27011.65,35591.04,42781.56,45782.15,55494.93,37561.73,38577.50,48631.78,51979.12,49388.05,44062.34,29869.55
Kyrgyzstan,KGZ,279.62,308.41,321.73,380.51,433.23,476.55,543.11,721.77,966.39,871.22,880.04,1123.88,1177.97,1282.44,1279.77,1121.08
Lao PDR,LAO,325.19,326.94,320.06,362.82,417.93,475.61,591.00,710.38,900.74,949.18,1141.24,1378.50,1581.63,1831.94,1999.96,2140.04
Latvia,LVA,3361.64,3578.00,4136.93,5145.20,6378.67,7594.90,9723.45,14113.53,16467.14,12331.93,11420.99,13338.96,13847.34,15007.49,15721.45,13780.91
Lebanon,LBN,4491.64,4422.39,4579.46,4576.39,4630.79,4575.11,4626.85,5207.79,6111.33,7354.95,7761.64,7675.31,7952.15,7933.23,7687.76,7663.92
Lesotho,LSO,436.49,405.61,382.19,573.65,753.38,842.81,904.61,846.54,889.13,874.73,1119.84,1287.27,1229.64,1166.91,1194.58,1146.06
Liberia,LBR,306.83,306.71,306.47,243.09,286.06,294.89,336.12,396.60,478.40,470.95,513.45,596.90,675.01,747.87,739.91,721.58
Libya,LBY,7142.77,6266.49,3703.04,4673.15,5800.59,8163.01,9336.35,11300.19,14382.60,10275.26,12064.77,5554.18,13025.28,10363.80,6466.91,4337.92
Liechtenstein,LIE,74853.94,74287.41,79345.75,89859.87,100289.24,105399.26,114374.25,130655.64,143264.06,126096.61,141192.53,158130.46,149010.22,173030.21,178864.85,167313.27
Lithuania,LTU,3293.23,3525.79,4141.59,5499.43,6700.33,7854.77,9230.71,12285.45,14945.00,11820.78,11987.51,14376.95,14367.71,15729.65,16551.02,14258.23
Luxembourg,LUX,48538.78,48398.23,52754.27,65544.59,76404.42,80957.94,90712.80,107338.87,119932.24,108987.68,110777.91,118869.30,112591.12,119966.03,123514.20,105419.61
Madagascar,MDG,293.61,334.44,319.22,368.80,284.49,319.54,338.75,438.66,536.35,467.54,471.96,531.27,518.15,541.07,530.86,467.24
Malawi,MWI,156.39,150.15,298.43,267.40,282.57,289.56,308.16,332.26,387.61,438.21,478.67,534.95,391.56,348.43,371.27,380.60
Malaysia,MYS,4043.66,3913.43,4165.73,4461.85,4952.21,5587.02,6209.13,7243.46,8474.59,7292.49,9040.57,10399.37,10817.43,10970.10,11319.06,9955.24
Maldives,MDV,2234.60,3038.78,3049.21,3476.01,3941.43,3640.01,4809.93,5574.40,6614.24,6636.54,7076.74,7291.47,7265.72,7928.48,8499.31,9033.41
Mali,MLI,270.54,307.70,336.42,393.41,440.96,489.02,523.04,597.48,697.09,701.72,710.27,837.61,778.63,805.03,848.28,751.47
Malta,MLT,10432.33,10402.23,11289.89,13669.50,15197.06,15888.17,16723.88,19485.87,22205.36,21083.28,21799.17,23155.55,22527.64,24771.08,26754.27,24921.60
Marshall Islands,MHL,2272.68,2389.06,2515.62,2457.65,2431.17,2471.35,2537.72,2646.87,2704.46,2662.33,2846.07,3046.29,3181.62,3246.63,3185.26,3199.89
Mauritania,MRT,676.57,646.12,639.67,717.90,803.78,970.84,1259.54,1357.12,1579.51,1389.34,1610.92,1879.77,1815.22,1892.09,1677.11,1524.07
Mauritius,MUS,3929.08,3856.63,4018.95,4793.72,5388.07,5282.91,5695.97,6574.65,8030.06,7318.13,8000.38,9197.03,9291.23,9637.00,10153.94,9260.45
Mexico,MEX,7157.81,7544.57,7593.14,7075.37,7484.49,8277.67,9068.29,9642.68,10016.57,8002.97,9271.40,10203.42,10241.73,10725.18,10928.92,9616.65
Micronesia (Federated States of),FSM,2171.89,2248.49,2265.94,2295.87,2253.11,2358.15,2406.11,2458.66,2541.26,2721.98,2885.31,3009.26,3131.39,2994.79,2971.51,2906.62
Moldova,MDA,440.67,507.56,570.97,682.53,897.45,1034.71,1183.38,1531.69,2111.20,1899.01,2437.53,2942.26,3045.74,3322.04,3328.80,2732.46
Monaco,MCO,82365.49,83724.47,90506.86,108656.80,123523.49,124197.28,134048.62,169966.31,185785.73,154775.38,150737.89,169016.20,157520.22,177673.75,189432.37,165989.51
Mongolia,MNG,474.22,524.05,571.59,646.19,797.98,998.83,1334.21,1632.73,2136.56,1714.36,2643.29,3757.57,4351.89,4366.09,4158.52,3875.32
Montenegro,MNE,1627.07,1909.60,2106.64,2789.16,3380.17,3674.62,4425.68,5976.39,7367.75,6727.11,6688.48,7328.93,6586.72,7186.43,7378.35,6514.27
Morocco,MAR,1334.94,1339.29,1416.49,1725.46,1952.90,2018.03,2196.01,2499.26,2890.36,2866.92,2839.93,3046.95,2912.66,3121.68,3171.70,2875.26
Mozambique,MOZ,319.36,296.27,302.55,326.08,383.27,416.81,435.33,482.20,563.65,520.40,471.90,594.59,657.64,664.08,673.97,589.86
Myanmar,MMR,7925.26,9602.64,14316.96,22108.76,29454.75,37990.62,50103.09,71132.71,97823.66,111128.36,129889.15,154919.22,2209.35,1168.17,1210.10,1196.74
Namibia,NAM,2185.60,1950.65,1808.88,2621.70,3464.42,3739.53,4059.10,4405.41,4212.37,4295.39,5395.00,5806.75,5942.29,5392.09,5469.90,4896.62
Nauru,NRU,..,..,..,..,..,..,..,..,..,..,4752.18,6560.27,9562.67,9648.50,10171.48,8341.01
Nepal,NPL,229.49,246.73,244.72,252.40,286.16,315.81,346.95,391.38,470.46,478.17,592.40,799.58,804.14,823.36,844.85,901.75
Netherlands,NLD,26149.41,26873.28,29204.04,35672.21,40362.39,41979.06,44863.35,51733.44,57644.48,52514.03,50950.03,54159.35,50073.01,52184.06,52830.17,45175.23
New Zealand,NZL,13641.10,13882.86,16874.19,21913.71,25420.23,27751.07,26654.59,32479.98,31252.96,28209.36,33676.77,38387.63,39973.38,42976.65,44572.90,38630.73
Nicaragua,NIC,1007.50,1034.55,1000.94,1005.73,1080.27,1162.29,1226.64,1327.97,1499.26,1444.37,1503.86,1655.80,1760.46,1811.64,1934.06,2049.85
Niger,NER,197.83,208.38,228.24,268.35,286.49,321.72,336.28,390.28,478.50,464.06,476.87,512.60,529.74,552.57,564.60,484.15
Nigeria,NGA,567.93,590.38,741.75,795.39,1007.87,1268.38,1656.42,1883.46,2259.11,1911.61,2280.44,2487.60,2723.82,2961.55,3098.99,2687.48
Norway,NOR,38131.46,38542.72,43084.47,50134.89,57603.84,66810.48,74148.32,85139.96,96944.10,79977.70,87693.79,100600.56,101524.14,102913.45,97019.18,74355.52
Oman,OMN,8601.27,8475.97,8626.97,9066.31,10126.14,12377.08,14420.51,15838.47,22139.74,16823.79,18712.57,20876.59,21872.61,20865.79,20035.22,16033.46
Pakistan,PAK,576.20,544.49,534.30,599.38,687.84,748.92,836.86,908.10,990.85,958.00,987.41,1164.98,1198.12,1208.92,1251.18,1356.67
Palau,PLW,7657.95,8092.21,8307.96,7771.21,8317.11,9626.61,9843.05,10381.42,10598.88,10252.75,10356.63,11094.83,12044.11,12561.34,13711.76,15876.46
Panama,PAN,4060.32,4046.43,4126.23,4267.29,4592.15,4916.91,5348.88,6166.19,7154.27,7576.14,8082.02,9358.27,10722.26,11889.10,12796.07,13630.30
Papua New Guinea,PNG,602.19,515.68,491.83,568.25,618.04,749.19,1256.98,1401.95,1672.95,1626.31,1949.35,2406.91,2790.68,2729.89,2920.78,2679.35
Paraguay,PRY,1663.60,1565.05,1300.85,1365.42,1679.50,1843.63,2271.09,2976.82,4047.91,3626.82,4359.43,5329.39,5185.14,5936.98,6118.32,5413.78
Peru,PER,1955.59,1941.48,2021.24,2145.64,2417.03,2729.50,3154.33,3606.07,4220.62,4196.31,5082.35,5869.32,6528.97,6756.75,6672.88,6229.10
Philippines,PHL,1072.80,990.57,1036.16,1048.01,1121.49,1244.35,1452.44,1744.64,1998.03,1904.20,2217.47,2450.74,2694.31,2871.43,2959.65,3001.04
Poland,POL,4501.45,4991.24,5207.17,5701.60,6681.39,8021.51,9035.41,11254.52,13996.03,11526.06,12613.01,13879.56,13097.27,13696.47,14271.31,12578.50
Portugal,PRT,11497.75,11724.61,12875.32,15762.98,18031.00,18773.13,19822.85,22782.09,24847.55,23059.80,22498.69,23186.91,20564.89,21647.04,22074.30,19242.37
Qatar,QAT,29976.17,28517.22,30214.67,34517.60,42124.94,51455.95,59530.56,65421.38,80234.19,59094.66,67403.09,82409.94,85075.99,85050.68,83858.34,63039.11
Romania,ROU,1659.91,1825.18,2119.88,2679.41,3494.94,4617.93,5757.50,8360.17,10435.04,8548.12,8214.08,9099.22,8507.10,9547.85,10043.68,8969.15
Russian Federation,RUS,1771.59,2100.35,2377.53,2975.13,4102.36,5323.46,6920.19,9101.26,11635.27,8562.81,10675.00,14311.08,15420.87,15974.64,14095.65,9313.01
Rwanda,RWA,260.60,238.78,233.15,249.74,273.63,331.69,366.89,438.66,543.55,579.73,609.72,668.49,725.17,722.89,743.56,751.08
Saint Kitts and Nevis,KNA,9565.95,10283.03,10650.85,10270.60,10942.73,11679.41,13614.42,14429.55,15592.87,15388.44,15510.20,16539.77,16046.49,16685.95,18051.18,18028.97
Saint Lucia,LCA,5950.05,5642.75,5646.46,6150.92,6591.65,6949.20,7669.21,7969.80,8456.69,8137.75,8540.07,8983.74,9086.39,9378.99,9843.31,10093.62
Saint Vincent and the Grenadines,VCT,3676.35,3985.81,4272.96,4447.92,4809.93,5070.38,5625.40,6307.31,6415.34,6232.37,6292.50,6242.25,6390.31,6639.48,6684.38,6921.70
Samoa,WSM,1542.07,1557.00,1633.01,1909.15,2353.46,2590.49,2796.60,3133.67,3378.95,3168.23,3566.43,3932.11,4020.96,4037.81,3937.19,4071.93
San Marino,SMR,36604.49,38730.80,41464.75,51270.13,59558.77,60900.54,64261.03,72697.71,78643.55,66703.22,60254.78,57297.51,49988.46,51570.98,50817.33,42662.90
Sao Tome and Principe,STP,..,524.67,577.63,678.74,745.32,866.50,883.10,896.87,1098.76,1067.91,1090.26,1254.54,1330.62,1564.77,1770.47,1584.78
Saudi Arabia,SAU,9171.33,8684.65,8695.40,9609.97,11185.14,13791.45,15384.74,16516.63,20078.26,16113.14,19262.55,23745.88,25243.60,24845.12,24464.21,20627.93
Senegal,SEN,613.73,648.44,681.31,831.83,932.17,992.69,1027.73,1197.41,1403.95,1308.94,1271.58,1366.77,1317.78,1372.67,1396.66,1219.25
Serbia,SRB,914.79,1727.28,2283.85,3005.43,3502.80,3720.48,4382.62,5848.48,7101.04,6169.11,5735.42,6809.16,6015.95,6755.07,6600.06,5588.98
Seychelles,SYC,7578.85,7663.14,8331.26,8524.96,10176.66,11092.51,12014.40,12154.83,11122.86,9706.96,10804.68,12189.10,12006.68,14765.67,14700.33,14745.34
Sierra Leone,SLE,138.70,229.38,252.40,266.45,266.57,292.35,323.39,360.37,408.48,391.20,401.83,448.34,566.38,716.84,714.70,588.23
Singapore,SGP,23852.33,21700.02,22159.69,23730.15,27608.54,29961.26,33769.15,39432.94,40007.47,38927.21,47236.96,53890.43,55546.49,56967.43,57562.53,55646.62
Slovak Republic,SVK,5413.15,5717.22,6533.55,8712.70,10671.82,11685.75,13159.76,16085.61,18677.29,16531.67,16825.35,18406.01,17430.83,18203.24,18630.98,16335.65
Slovenia,SVN,10201.30,10479.76,11777.16,14849.04,17233.14,18098.91,19672.97,23787.65,27483.34,24694.23,23509.54,25095.13,22643.10,23496.60,24214.92,20881.77
Solomon Islands,SLB,1017.61,965.77,795.60,788.61,867.11,1014.86,1119.69,1260.29,1388.96,1428.51,1604.21,1938.89,2141.82,2248.61,2274.89,2167.12
Somalia,SOM,..,..,..,..,..,..,..,..,..,..,..,..,..,297.96,295.27,293.46
South Africa,ZAF,3374.72,2971.82,2797.09,4217.11,5409.13,6033.10,6266.53,6780.88,6350.65,6532.74,8148.96,8810.93,8222.20,7467.08,6988.81,6259.84
Spain,ESP,14713.07,15355.70,17025.53,21463.44,24861.28,26419.30,28365.31,32549.97,35366.26,32042.47,30502.72,31636.45,28324.43,29059.55,29461.55,25732.02
Sri Lanka,LKA,869.70,832.80,867.49,982.20,1065.78,1248.70,1435.82,1630.39,2037.32,2090.40,2799.65,3200.86,3350.52,3610.29,3819.25,3843.78
Sudan,SDN,366.17,383.02,418.25,484.84,573.31,689.21,905.31,1128.41,1304.53,1163.80,1489.87,1437.78,1332.91,1381.49,1625.46,1656.91
Suriname,SUR,2012.28,1750.58,2267.75,2611.38,3006.18,3590.65,5197.75,5744.76,6831.98,7408.36,8255.87,8263.20,9200.97,9402.16,9471.92,9168.24
Sweden,SWE,29624.91,27247.86,29899.20,37321.80,42821.67,43437.06,46593.60,53700.01,56152.55,46946.96,52869.04,60755.76,58037.82,61126.94,60020.36,51545.48
Switzerland,CHE,38952.03,39727.85,42578.76,49470.40,54878.47,56546.79,59300.62,65359.52,74572.23,72083.17,77117.13,91254.03,86547.67,88109.49,89684.71,84776.14
Syrian Arab Republic,SYR,4910.78,5175.26,5300.58,5494.84,6330.74,7309.11,8069.56,9056.63,10554.08,10589.60,11820.61,3050.75,2094.41,1039.18,1135.13,916.36
Tajikistan,TJK,138.43,171.05,190.00,237.76,311.63,340.58,408.84,526.64,715.87,676.12,749.55,847.38,969.30,1048.23,1104.17,978.40
Tanzania,TZA,410.95,406.54,411.97,431.28,459.26,492.63,485.50,552.84,687.39,695.22,743.40,781.43,867.86,970.40,1030.08,947.93
Thailand,THA,2007.74,1893.26,2096.19,2359.12,2660.13,2894.06,3369.54,3973.02,4379.66,4213.01,5076.34,5492.12,5860.58,6168.26,5951.88,5840.05
Timor-Leste,TLS,415.09,529.78,508.84,517.83,453.51,464.55,446.47,523.74,614.44,676.62,806.41,936.45,1024.17,1210.04,1232.45,1332.79
Togo,TGO,302.96,292.82,328.40,396.92,413.33,406.56,408.06,449.74,546.35,540.61,534.04,587.10,571.81,621.40,640.93,570.91
Tonga,TON,2091.11,1839.09,1845.67,2030.78,2301.65,2594.42,2873.08,2910.15,3331.55,3006.61,3527.95,4002.81,4581.78,4428.15,4354.24,4336.24
Trinidad and Tobago,TTO,6435.13,6939.83,7053.09,8807.87,10293.87,12327.28,14102.59,16539.89,21204.01,14514.24,16683.39,19034.12,19157.46,20143.55,20270.93,18214.46
Tunisia,TUN,2211.84,2253.03,2344.40,2760.41,3111.37,3193.20,3369.92,3776.33,4307.58,4128.46,4344.64,4479.93,4361.69,4444.82,4544.02,4094.84
Turkey,TUR,4337.48,3142.92,3687.96,4760.10,6101.63,7456.30,8101.86,9791.88,10941.17,9103.47,10742.77,11420.56,11795.63,12614.78,12157.99,11006.28
Turkmenistan,TKM,643.19,774.48,967.89,1283.91,1453.92,1704.42,2136.47,2600.37,3904.47,4036.46,4439.20,5649.96,6675.18,7304.29,7962.24,6432.69
Tuvalu,TUV,1463.17,1392.33,1610.65,1874.85,2181.64,2184.57,2263.58,2645.11,2936.52,2602.62,3024.76,3643.12,3506.31,3457.38,3398.40,3197.77
Uganda,UGA,261.87,239.47,245.50,254.30,296.01,333.73,349.22,403.66,474.52,799.97,822.54,832.57,790.13,810.09,883.53,847.27
Ukraine,UKR,635.70,780.32,878.62,1047.50,1366.02,1826.93,2300.77,3065.61,3887.24,2543.00,2965.14,3569.76,3855.42,4029.71,3104.64,2124.66
United Arab Emirates,ARE,33291.37,31280.76,31567.55,33499.10,36333.19,39365.46,41907.42,41809.46,44498.94,32024.20,33893.26,39194.67,40976.49,42412.64,43751.81,38663.40
United Kingdom,GBR,28223.07,27806.45,30049.90,34487.47,40371.71,42132.09,44654.10,50653.26,47549.35,38952.21,39688.61,42284.88,42686.80,43713.81,47787.24,45404.57
United States,USA,36334.91,37133.24,38023.16,39496.49,41712.80,44114.75,46298.73,47975.97,48382.56,47099.98,48466.66,49882.56,51602.93,53106.54,55049.99,56863.37
Uruguay,URY,6875.03,6284.46,4090.89,3624.21,4120.54,5226.94,5887.85,7026.50,9091.08,9451.93,11992.02,14236.72,15171.58,16973.69,16831.95,15613.75
Uzbekistan,UZB,558.23,456.71,383.34,396.38,465.12,546.78,654.28,830.41,1082.29,1213.27,1742.35,2051.13,2267.62,2419.72,2628.46,2753.97
Vanuatu,VUT,1470.64,1363.19,1354.10,1580.58,1788.12,1887.23,2049.53,2352.97,2629.05,2573.89,2839.41,3173.82,2997.29,2954.77,2926.68,2695.67
Venezuela,VEN,4842.04,4986.68,3700.88,3272.62,4325.70,5504.98,6833.38,8454.47,11432.75,11765.10,13825.36,10955.54,12986.22,12457.77,16055.65,..
Vietnam,VNM,390.09,404.81,430.05,480.58,546.91,687.48,784.37,906.28,1149.42,1217.27,1317.89,1525.12,1735.15,1886.69,2030.28,2085.10
Yemen,YEM,554.45,550.36,579.85,620.38,709.97,832.84,921.42,1017.29,1229.25,1116.08,1334.78,1374.62,1446.54,1607.15,1674.00,1601.83
Zambia,ZMB,345.69,382.94,382.24,435.46,538.59,702.74,1047.92,1124.29,1394.00,1159.91,1489.46,1672.91,1763.07,1878.35,1762.43,1338.29
Zimbabwe,ZWE,563.06,568.39,530.53,478.01,483.00,476.56,447.85,431.79,356.69,771.60,948.33,1093.65,1304.97,1430.00,1434.90,1445.07
